VISITOR ARRIVALS BY COUNTRY OF RESIDENCE AND MODE OF TRANSPORT - 2022,,,,,,,,,,,,,,,,,,,,,,,,,,,,,,,,,,,,,,,,,,,,,,,,,,,,,
MONTH,  JANUARY,,,FEBRUARY,,,MARCH,,,TOT     Q1,,,APRIL,,,MAY,,,JUNE,,,  TOT      Q2,,,JULY,,,AUGUST,,,SEPTEMBER,,,  TOT      Q3,,,OCTOBER,,,NOVEMBER,,,DECEMBER,,,  TOT      Q4,,, ANNUAL, ANNUAL,  ANNUAL,,
COUNTRY,AIR,SEA, TOT, AIR, SEA, TOT,  AIR, SEA, TOT,  AIR,   SEA, TOTAL,  AIR, SEA, TOT,  AIR, SEA, TOT,  AIR, SEA, TOT,  AIR,   SEA, TOTAL,  AIR, SEA, TOT,  AIR, SEA, TOT,  AIR, SEA, TOT,  AIR,   SEA, TOTAL,  AIR, SEA, TOT,  AIR, SEA, TOT,  AIR, SEA, TOT,  AIR,   SEA, TOTAL,    AIR,    SEA,TOTAL,,
EUROPE,,,,,,,,,,,,,,,,,,,,,,,,,,,,,,,,,,,,,,,,,,,,,,,,,,,,,
 Belarus , 100 , -   , 100 , 76 , -   , 76 , 68 , -   , 68 , 244 , -   , 244 , 38 , -   , 38 , 40 , -   , 40 , 29 , -   , 29 , 107 , -   , 107 , 21 , -   , 21 , 31 , -   , 31 , 16 , -   , 16 , 68 , -   , 68 , 53 , -   , 53 , 68 , -   , 68 , 49 , -   , 49 , 170 , -   , 170 , 589 , -   , 589 ,,
 Bulgaria , 418 , -   , 418 , 449 , 1 , 450 , 295 , -   , 295 ," 1,162 ", 1 ," 1,163 ", 271 , -   , 271 , 69 , -   , 69 , 28 , -   , 28 , 368 , -   , 368 , 40 , -   , 40 , 31 , -   , 31 , 52 , -   , 52 , 123 , -   , 123 , 65 , -   , 65 , 142 , -   , 142 , 128 , -   , 128 , 335 , -   , 335 ," 1,988 ", 1 ," 1,989 ",,
 Czech Republic , 367 , -   , 367 , 640 , 1 , 641 , 791 , -   , 791 ," 1,798 ", 1 ," 1,799 ", 532 , -   , 532 , 274 , -   , 274 , 214 , 2 , 216 ," 1,020 ", 2 ," 1,022 ", 381 , 1 , 382 , 204 , -   , 204 , 180 , -   , 180 , 765 , 1 , 766 , 438 , -   , 438 , 542 , -   , 542 , 447 , 1 , 448 ," 1,427 ", 1 ," 1,428 "," 5,010 ", 5 ," 5,015 ",,
 Hungary , 535 , -   , 535 , 997 , -   , 997 , 691 , -   , 691 ," 2,223 ", -   ," 2,223 ", 533 , -   , 533 , 204 , -   , 204 , 269 , -   , 269 ," 1,006 ", -   ," 1,006 ", 427 , -   , 427 , 314 , -   , 314 , 202 , -   , 202 , 943 , -   , 943 , 320 , -   , 320 , 249 , -   , 249 , 393 , -   , 393 , 962 , -   , 962 ," 5,134 ", -   ," 5,134 ",,
 Poland , 636 , -   , 636 , 628 , 5 , 633 , 650 , 2 , 652 ," 1,914 ", 7 ," 1,921 ", 586 , -   , 586 , 536 , -   , 536 , 783 , -   , 783 ," 1,905 ", -   ," 1,905 ", 503 , 4 , 507 , 507 , -   , 507 , 576 , -   , 576 ," 1,586 ", 4 ," 1,590 ", 483 , 1 , 484 , 614 , -   , 614 , 349 , 8 , 357 ," 1,446 ", 9 ," 1,455 "," 6,851 ", 20 ," 6,871 ",,
 Republic of Moldova , 42 , -   , 42 , 25 , -   , 25 , 10 , -   , 10 , 77 , -   , 77 , 18 , -   , 18 , 3 , -   , 3 , 2 , -   , 2 , 23 , -   , 23 , 11 , -   , 11 , 7 , -   , 7 , 14 , -   , 14 , 32 , -   , 32 , 19 , -   , 19 , 35 , -   , 35 , 34 , -   , 34 , 88 , -   , 88 , 220 , -   , 220 ,,
 Romania , 425 , 6 , 431 , 665 , 5 , 670 , 342 , 4 , 346 ," 1,432 ", 15 ," 1,447 ", 672 , -   , 672 , 228 , -   , 228 , 137 , -   , 137 ," 1,037 ", -   ," 1,037 ", 160 , -   , 160 , 226 , -   , 226 , 141 , -   , 141 , 527 , -   , 527 , 243 , 2 , 245 , 319 , -   , 319 , 412 , 5 , 417 , 974 , 7 , 981 ," 3,970 ", 22 ," 3,992 ",,
 Russia Federation ," 5,622 ", 3 ," 5,625 "," 4,534 ", -   ," 4,534 "," 2,013 ", 2 ," 2,015 "," 12,169 ", 5 ," 12,174 ", 998 , -   , 998 ," 1,086 ", -   ," 1,086 "," 1,187 ", 1 ," 1,188 "," 3,271 ", 1 ," 3,272 "," 1,692 ", 1 ," 1,693 "," 1,599 ", -   ," 1,599 "," 1,879 ", -   ," 1,879 "," 5,170 ", 1 ," 5,171 "," 3,465 ", 1 ," 3,466 "," 3,049 ", -   ," 3,049 "," 3,440 ", 1 ," 3,441 "," 9,954 ", 2 ," 9,956 "," 30,564 ", 9 ," 30,573 ",,
 Slovakia  , 125 , -   , 125 , 255 , -   , 255 , 243 , -   , 243 , 623 , -   , 623 , 251 , -   , 251 , 159 , -   , 159 , 137 , -   , 137 , 547 , -   , 547 , 111 , -   , 111 , 109 , -   , 109 , 104 , -   , 104 , 324 , -   , 324 , 109 , 2 , 111 , 319 , -   , 319 , 179 , -   , 179 , 607 , 2 , 609 ," 2,101 ", 2 ," 2,103 ",,
 Ukraine ," 1,771 ", 3 ," 1,774 ", 929 , 4 , 933 , 46 , 1 , 47 ," 2,746 ", 8 ," 2,754 ", 54 , -   , 54 , 27 , -   , 27 , 47 , -   , 47 , 128 , -   , 128 , 19 , 1 , 20 , 49 , -   , 49 , 51 , -   , 51 , 119 , 1 , 120 , 54 , -   , 54 , 110 , 1 , 111 , 175 , 5 , 180 , 339 , 6 , 345 ," 3,332 ", 15 ," 3,347 ",,
 Aland Islands , -   , -   , -   , -   , -   , -   , -   , -   , -   , -   , -   , -   , 1 , -   , 1 , -   , -   , -   , -   , -   , -   , 1 , -   , 1 , -   , -   , -   , -   , -   , -   , -   , -   , -   , -   , -   , -   , -   , -   , -   , -   , -   , -   , -   , -   , -   , -   , -   , -   , 1 , -   , 1 ,,
 Channel Islands , 1 , -   , 1 , -   , -   , -   , -   , -   , -   , 1 , -   , 1 , -   , -   , -   , -   , -   , -   , -   , -   , -   , -   , -   , -   , -   , -   , -   , -   , -   , -   , -   , -   , -   , -   , -   , -   , -   , -   , -   , -   , -   , -   , -   , -   , -   , -   , -   , -   , 1 , -   , 1 ,,
 Denmark , 117 , -   , 117 , 229 , 1 , 230 , 223 , -   , 223 , 569 , 1 , 570 , 260 , 3 , 263 , 98 , -   , 98 , 69 , -   , 69 , 427 , 3 , 430 , 404 , -   , 404 , 103 , -   , 103 , 98 , -   , 98 , 605 , -   , 605 , 281 , -   , 281 , 147 , -   , 147 , 92 , -   , 92 , 520 , -   , 520 ," 2,121 ", 4 ," 2,125 ",,
 Estonia , 110 , -   , 110 , 178 , -   , 178 , 113 , -   , 113 , 401 , -   , 401 , 58 , -   , 58 , 12 , -   , 12 , -   , -   , -   , 70 , -   , 70 , 15 , -   , 15 , 18 , -   , 18 , 7 , -   , 7 , 40 , -   , 40 , 59 , -   , 59 , 144 , -   , 144 , 225 , -   , 225 , 428 , -   , 428 , 939 , -   , 939 ,,
 Faeroe Islands , -   , -   , -   , 5 , -   , 5 , -   , -   , -   , 5 , -   , 5 , 1 , -   , 1 , -   , -   , -   , -   , -   , -   , 1 , -   , 1 , -   , -   , -   , -   , -   , -   , 1 , -   , 1 , 1 , -   , 1 , -   , -   , -   , -   , -   , -   , -   , -   , -   , -   , -   , -   , 7 , -   , 7 ,,
 Finland , 68 , -   , 68 , 60 , -   , 60 , 57 , 1 , 58 , 185 , 1 , 186 , 76 , -   , 76 , 33 , -   , 33 , 31 , -   , 31 , 140 , -   , 140 , 54 , -   , 54 , 44 , -   , 44 , 42 , -   , 42 , 140 , -   , 140 , 120 , -   , 120 , 109 , -   , 109 , 163 , 1 , 164 , 392 , 1 , 393 , 857 , 2 , 859 ,,
 Guernsey , -   , -   , -   , 6 , -   , 6 , 5 , -   , 5 , 11 , -   , 11 , 4 , -   , 4 , 2 , -   , 2 , -   , -   , -   , 6 , -   , 6 , 4 , -   , 4 , -   , -   , -   , -   , -   , -   , 4 , -   , 4 , -   , -   , -   , -   , -   , -   , 2 , -   , 2 , 2 , -   , 2 , 23 , -   , 23 ,,
 Iceland , -   , -   , -   , 3 , -   , 3 , 2 , -   , 2 , 5 , -   , 5 , 28 , -   , 28 , 8 , -   , 8 , 1 , -   , 1 , 37 , -   , 37 , -   , -   , -   , 4 , -   , 4 , 18 , -   , 18 , 22 , -   , 22 , 2 , -   , 2 , 14 , -   , 14 , 3 , -   , 3 , 19 , -   , 19 , 83 , -   , 83 ,,
 Ireland , 25 , 4 , 29 , 81 , 3 , 84 , 71 , -   , 71 , 177 , 7 , 184 , 73 , 2 , 75 , 102 , -   , 102 , 79 , -   , 79 , 254 , 2 , 256 , 104 , -   , 104 , 45 , -   , 45 , 91 , 1 , 92 , 240 , 1 , 241 , 84 , -   , 84 , 92 , -   , 92 , 55 , 5 , 60 , 231 , 5 , 236 , 902 , 15 , 917 ,,
 Isle of Man , -   , -   , -   , -   , -   , -   , 4 , -   , 4 , 4 , -   , 4 , -   , -   , -   , -   , -   , -   , 3 , -   , 3 , 3 , -   , 3 , -   , -   , -   , -   , -   , -   , -   , -   , -   , -   , -   , -   , -   , -   , -   , 2 , -   , 2 , 5 , -   , 5 , 7 , -   , 7 , 14 , -   , 14 ,,
 Jersey , -   , -   , -   , -   , -   , -   , 2 , -   , 2 , 2 , -   , 2 , 2 , -   , 2 , 6 , -   , 6 , 5 , -   , 5 , 13 , -   , 13 , -   , -   , -   , -   , -   , -   , -   , -   , -   , -   , -   , -   , -   , -   , -   , -   , -   , -   , -   , -   , -   , -   , -   , -   , 15 , -   , 15 ,,
 Latvia , 32 , -   , 32 , 55 , -   , 55 , 68 , -   , 68 , 155 , -   , 155 , 46 , 2 , 48 , 35 , -   , 35 , 12 , -   , 12 , 93 , 2 , 95 , 15 , -   , 15 , 12 , -   , 12 , 11 , -   , 11 , 38 , -   , 38 , 86 , -   , 86 , 43 , -   , 43 , 72 , -   , 72 , 201 , -   , 201 , 487 , 2 , 489 ,,
 Lithuania , 83 , -   , 83 , 121 , 1 , 122 , 81 , 1 , 82 , 285 , 2 , 287 , 20 , -   , 20 , 32 , -   , 32 , 42 , -   , 42 , 94 , -   , 94 , 23 , -   , 23 , 30 , -   , 30 , 35 , -   , 35 , 88 , -   , 88 , 78 , -   , 78 , 47 , -   , 47 , 86 , -   , 86 , 211 , -   , 211 , 678 , 2 , 680 ,,
 Northern Ireland (1) , 6 , -   , 6 , 4 , -   , 4 , -   , -   , -   , 10 , -   , 10 , -   , -   , -   , -   , -   , -   , -   , -   , -   , -   , -   , -   , -   , -   , -   , -   , -   , -   , -   , -   , -   , -   , -   , -   , -   , -   , -   , -   , -   , -   , -   , -   , -   , -   , -   , -   , 10 , -   , 10 ,,
 Norway , 45 , -   , 45 , 114 , -   , 114 , 95 , -   , 95 , 254 , -   , 254 , 220 , 1 , 221 , 104 , -   , 104 , 107 , -   , 107 , 431 , 1 , 432 , 282 , 1 , 283 , 94 , -   , 94 , 128 , -   , 128 , 504 , 1 , 505 , 201 , -   , 201 , 104 , -   , 104 , 207 , -   , 207 , 512 , -   , 512 ," 1,701 ", 2 ," 1,703 ",,
 Sark , -   , -   , -   , -   , -   , -   , -   , -   , -   , -   , -   , -   , -   , -   , -   , -   , -   , -   , -   , -   , -   , -   , -   , -   , -   , -   , -   , -   , -   , -   , -   , -   , -   , -   , -   , -   , -   , -   , -   , -   , -   , -   , -   , -   , -   , -   , -   , -   , -   , -   , -   ,,
 Svalbard and Jan Mayen Islands , -   , -   , -   , -   , -   , -   , -   , -   , -   , -   , -   , -   , -   , -   , -   , -   , -   , -   , -   , -   , -   , -   , -   , -   , -   , -   , -   , -   , -   , -   , -   , -   , -   , -   , -   , -   , -   , -   , -   , -   , -   , -   , -   , -   , -   , -   , -   , -   , -   , -   , -   ,,
 Sweden , 174 , 3 , 177 , 250 , 7 , 257 , 236 , -   , 236 , 660 , 10 , 670 , 402 , -   , 402 , 114 , -   , 114 , 127 , -   , 127 , 643 , -   , 643 , 174 , -   , 174 , 65 , -   , 65 , 83 , -   , 83 , 322 , -   , 322 , 444 , 1 , 445 , 454 , -   , 454 , 582 , 4 , 586 ," 1,480 ", 5 ," 1,485 "," 3,105 ", 15 ," 3,120 ",,
 United Kingdom of Great Britain , 784 , 30 , 814 ," 1,293 ", 63 ," 1,356 "," 1,849 ", 21 ," 1,870 "," 3,926 ", 114 ," 4,040 "," 2,664 ", 34 ," 2,698 "," 2,129 ", 8 ," 2,137 "," 1,534 ", 13 ," 1,547 "," 6,327 ", 55 ," 6,382 "," 2,162 ", 5 ," 2,167 "," 1,770 ", 1 ," 1,771 "," 1,835 ", 8 ," 1,843 "," 5,767 ", 14 ," 5,781 "," 2,265 ", 1 ," 2,266 "," 1,661 ", -   ," 1,661 "," 1,411 ", 42 ," 1,453 "," 5,337 ", 43 ," 5,380 "," 21,357 ", 226 ," 21,583 ",,
 Albania , 6 , -   , 6 , 3 , -   , 3 , 4 , -   , 4 , 13 , -   , 13 , 3 , -   , 3 , 16 , -   , 16 , 4 , -   , 4 , 23 , -   , 23 , 2 , -   , 2 , 12 , -   , 12 , 2 , -   , 2 , 16 , -   , 16 , 7 , -   , 7 , 7 , -   , 7 , 4 , -   , 4 , 18 , -   , 18 , 70 , -   , 70 ,,
 Andorra , -   , -   , -   , -   , -   , -   , 3 , -   , 3 , 3 , -   , 3 , 9 , -   , 9 , 11 , -   , 11 , -   , -   , -   , 20 , -   , 20 , 1 , -   , 1 , 4 , -   , 4 , 9 , -   , 9 , 14 , -   , 14 , 5 , -   , 5 , 1 , -   , 1 , 9 , -   , 9 , 15 , -   , 15 , 52 , -   , 52 ,,
 Bosnia & Herzegovina , 1 , -   , 1 , 7 , -   , 7 , 13 , -   , 13 , 21 , -   , 21 , 9 , -   , 9 , 10 , -   , 10 , 9 , -   , 9 , 28 , -   , 28 , 20 , -   , 20 , 16 , -   , 16 , 2 , -   , 2 , 38 , -   , 38 , 6 , 1 , 7 , 15 , -   , 15 , 2 , -   , 2 , 23 , 1 , 24 , 110 , 1 , 111 ,,
 Croatia , 38 , -   , 38 , 74 , 5 , 79 , 76 , 2 , 78 , 188 , 7 , 195 , 58 , 10 , 68 , 33 , -   , 33 , 45 , -   , 45 , 136 , 10 , 146 , 55 , 2 , 57 , 41 , -   , 41 , 56 , 1 , 57 , 152 , 3 , 155 , 43 , -   , 43 , 55 , -   , 55 , 33 , 6 , 39 , 131 , 6 , 137 , 607 , 26 , 633 ,,
 Gibraltar , 2 , -   , 2 , -   , -   , -   , -   , -   , -   , 2 , -   , 2 , 1 , -   , 1 , -   , -   , -   , -   , -   , -   , 1 , -   , 1 , -   , -   , -   , -   , -   , -   , 1 , -   , 1 , 1 , -   , 1 , 5 , -   , 5 , 2 , -   , 2 , 2 , -   , 2 , 9 , -   , 9 , 13 , -   , 13 ,,
 Greece , 63 , -   , 63 , 61 , 1 , 62 , 37 , -   , 37 , 161 , 1 , 162 , 97 , -   , 97 , 31 , -   , 31 , 63 , -   , 63 , 191 , -   , 191 , 49 , -   , 49 , 238 , -   , 238 , 59 , -   , 59 , 346 , -   , 346 , 59 , -   , 59 , 84 , -   , 84 , 81 , 12 , 93 , 224 , 12 , 236 , 922 , 13 , 935 ,,
 Holy See (Vatican City) , -   , -   , -   , -   , -   , -   , -   , -   , -   , -   , -   , -   , -   , -   , -   , -   , -   , -   , -   , -   , -   , -   , -   , -   , -   , -   , -   , -   , -   , -   , -   , -   , -   , -   , -   , -   , 1 , -   , 1 , -   , -   , -   , -   , -   , -   , 1 , -   , 1 , 1 , -   , 1 ,,
 Italy , 521 , 1 , 522 , 739 , 10 , 749 ," 1,136 ", 1 ," 1,137 "," 2,396 ", 12 ," 2,408 "," 2,307 ", 6 ," 2,313 "," 1,224 ", -   ," 1,224 "," 1,374 ", -   ," 1,374 "," 4,905 ", 6 ," 4,911 "," 1,563 ", -   ," 1,563 "," 3,564 ", -   ," 3,564 "," 1,517 ", -   ," 1,517 "," 6,644 ", -   ," 6,644 "," 1,672 ", 3 ," 1,675 "," 1,234 ", -   ," 1,234 "," 1,516 ", 6 ," 1,522 "," 4,422 ", 9 ," 4,431 "," 18,367 ", 27 ," 18,394 ",,
 Kosovo , -   , -   , -   , -   , -   , -   , 1 , -   , 1 , 1 , -   , 1 , -   , -   , -   , -   , -   , -   , -   , -   , -   , -   , -   , -   , -   , -   , -   , -   , -   , -   , -   , -   , -   , -   , -   , -   , -   , -   , -   , -   , -   , -   , -   , -   , -   , -   , -   , -   , 1 , -   , 1 ,,
 Malta , 8 , -   , 8 , 2 , -   , 2 , 17 , -   , 17 , 27 , -   , 27 , 19 , -   , 19 , 10 , -   , 10 , 11 , -   , 11 , 40 , -   , 40 , 11 , -   , 11 , 11 , -   , 11 , 19 , -   , 19 , 41 , -   , 41 , 31 , -   , 31 , 19 , -   , 19 , 36 , -   , 36 , 86 , -   , 86 , 194 , -   , 194 ,,
 Marcedonia , 22 , -   , 22 , 12 , -   , 12 , 15 , -   , 15 , 49 , -   , 49 , 27 , -   , 27 , 17 , -   , 17 , 24 , -   , 24 , 68 , -   , 68 , 17 , -   , 17 , 30 , -   , 30 , 24 , -   , 24 , 71 , -   , 71 , 5 , -   , 5 , 37 , -   , 37 , 19 , -   , 19 , 61 , -   , 61 , 249 , -   , 249 ,,
 Montenegro , 7 , -   , 7 , 5 , -   , 5 , 4 , -   , 4 , 16 , -   , 16 , 3 , -   , 3 , 3 , -   , 3 , 5 , -   , 5 , 11 , -   , 11 , 1 , -   , 1 , 6 , -   , 6 , -   , -   , -   , 7 , -   , 7 , 8 , -   , 8 , 3 , -   , 3 , -   , -   , -   , 11 , -   , 11 , 45 , -   , 45 ,,
 Portugal , 66 , -   , 66 , 144 , -   , 144 , 131 , 1 , 132 , 341 , 1 , 342 , 299 , -   , 299 , 124 , -   , 124 , 267 , -   , 267 , 690 , -   , 690 , 191 , -   , 191 , 298 , -   , 298 , 159 , -   , 159 , 648 , -   , 648 , 188 , -   , 188 , 114 , -   , 114 , 117 , -   , 117 , 419 , -   , 419 ," 2,098 ", 1 ," 2,099 ",,
 San Marino , -   , -   , -   , -   , -   , -   , 6 , -   , 6 , 6 , -   , 6 , 9 , -   , 9 , 2 , -   , 2 , 4 , -   , 4 , 15 , -   , 15 , -   , -   , -   , -   , -   , -   , 4 , -   , 4 , 4 , -   , 4 , 6 , -   , 6 , 2 , -   , 2 , 3 , -   , 3 , 11 , -   , 11 , 36 , -   , 36 ,,
 Serbia , 159 , -   , 159 , 149 , -   , 149 , 178 , -   , 178 , 486 , -   , 486 , 229 , 1 , 230 , 107 , -   , 107 , 100 , -   , 100 , 436 , 1 , 437 , 200 , -   , 200 , 177 , -   , 177 , 149 , -   , 149 , 526 , -   , 526 , 160 , -   , 160 , 112 , -   , 112 , 66 , 2 , 68 , 338 , 2 , 340 ," 1,786 ", 3 ," 1,789 ",,
 Slovenia , 65 , -   , 65 , 109 , -   , 109 , 119 , -   , 119 , 293 , -   , 293 , 266 , -   , 266 , 61 , -   , 61 , 65 , -   , 65 , 392 , -   , 392 , 165 , -   , 165 , 101 , -   , 101 , 54 , -   , 54 , 320 , -   , 320 , 145 , -   , 145 , 90 , -   , 90 , 70 , -   , 70 , 305 , -   , 305 ," 1,310 ", -   ," 1,310 ",,
 Spain , 157 , 2 , 159 , 195 , 4 , 199 , 200 , 1 , 201 , 552 , 7 , 559 , 406 , 2 , 408 , 286 , 11 , 297 , 368 , -   , 368 ," 1,060 ", 13 ," 1,073 ", 458 , -   , 458 , 812 , -   , 812 , 417 , 1 , 418 ," 1,687 ", 1 ," 1,688 ", 347 , 1 , 348 , 260 , 1 , 261 , 442 , 3 , 445 ," 1,049 ", 5 ," 1,054 "," 4,348 ", 26 ," 4,374 ",,
 Austria , 529 , 3 , 532 , 763 , 1 , 764 , 699 , -   , 699 ," 1,991 ", 4 ," 1,995 ", 680 , -   , 680 , 579 , -   , 579 , 431 , -   , 431 ," 1,690 ", -   ," 1,690 "," 1,016 ", -   ," 1,016 ", 772 , -   , 772 , 515 , -   , 515 ," 2,303 ", -   ," 2,303 ", 824 , 14 , 838 , 690 , 1 , 691 , 607 , -   , 607 ," 2,121 ", 15 ," 2,136 "," 8,105 ", 19 ," 8,124 ",,
 Belgium , 191 , 1 , 192 , 283 , 1 , 284 , 256 , -   , 256 , 730 , 2 , 732 , 531 , 13 , 544 , 378 , 1 , 379 , 286 , -   , 286 ," 1,195 ", 14 ," 1,209 ", 639 , -   , 639 , 297 , -   , 297 , 312 , -   , 312 ," 1,248 ", -   ," 1,248 ", 556 , 1 , 557 , 258 , -   , 258 , 147 , -   , 147 , 961 , 1 , 962 ," 4,134 ", 17 ," 4,151 ",,
 France ," 2,179 ", 32 ," 2,211 "," 4,626 ", 38 ," 4,664 "," 4,211 ", 23 ," 4,234 "," 11,016 ", 93 ," 11,109 "," 4,641 ", 10 ," 4,651 "," 3,897 ", 8 ," 3,905 "," 2,032 ", 4 ," 2,036 "," 10,570 ", 22 ," 10,592 "," 3,928 ", 2 ," 3,930 "," 4,643 ", 4 ," 4,647 "," 2,649 ", 2 ," 2,651 "," 11,220 ", 8 ," 11,228 "," 5,131 ", 46 ," 5,177 "," 3,967 ", 6 ," 3,973 "," 2,274 ", 40 ," 2,314 "," 11,372 ", 92 ," 11,464 "," 44,178 ", 215 ," 44,393 ",,
 Germany ," 1,915 ", -   ," 1,915 "," 2,619 ", 7 ," 2,626 "," 3,614 ", 1 ," 3,615 "," 8,148 ", 8 ," 8,156 "," 3,885 ", 7 ," 3,892 "," 3,303 ", 3 ," 3,306 "," 3,431 ", -   ," 3,431 "," 10,619 ", 10 ," 10,629 "," 4,241 ", -   ," 4,241 "," 4,108 ", -   ," 4,108 "," 4,143 ", -   ," 4,143 "," 12,492 ", -   ," 12,492 "," 6,061 ", 232 ," 6,293 "," 4,156 ", 14 ," 4,170 "," 2,875 ", 11 ," 2,886 "," 13,092 ", 257 ," 13,349 "," 44,351 ", 275 ," 44,626 ",,
 Liechtenstein , 5 , -   , 5 , 4 , -   , 4 , -   , -   , -   , 9 , -   , 9 , 8 , -   , 8 , 5 , -   , 5 , 4 , -   , 4 , 17 , -   , 17 , 6 , -   , 6 , 2 , -   , 2 , 6 , -   , 6 , 14 , -   , 14 , 15 , -   , 15 , 6 , -   , 6 , 10 , -   , 10 , 31 , -   , 31 , 71 , -   , 71 ,,
 Luxembourg , 14 , -   , 14 , 29 , -   , 29 , 57 , -   , 57 , 100 , -   , 100 , 115 , -   , 115 , 41 , -   , 41 , 28 , -   , 28 , 184 , -   , 184 , 61 , -   , 61 , 145 , -   , 145 , 50 , -   , 50 , 256 , -   , 256 , 62 , -   , 62 , 40 , -   , 40 , 46 , -   , 46 , 148 , -   , 148 , 688 , -   , 688 ,,
 Monaco , 5 , -   , 5 , 11 , -   , 11 , 10 , -   , 10 , 26 , -   , 26 , 43 , -   , 43 , 4 , -   , 4 , 3 , -   , 3 , 50 , -   , 50 , 6 , -   , 6 , 7 , -   , 7 , 3 , -   , 3 , 16 , -   , 16 , 16 , -   , 16 , 27 , -   , 27 , 17 , -   , 17 , 60 , -   , 60 , 152 , -   , 152 ,,
 Netherlands , 92 , 2 , 94 , 140 , 3 , 143 , 229 , 1 , 230 , 461 , 6 , 467 , 425 , 8 , 433 , 288 , -   , 288 , 222 , -   , 222 , 935 , 8 , 943 , 489 , 1 , 490 , 371 , -   , 371 , 349 , -   , 349 ," 1,209 ", 1 ," 1,210 ", 367 , 1 , 368 , 322 , -   , 322 , 296 , 4 , 300 , 985 , 5 , 990 ," 3,590 ", 20 ," 3,610 ",,
 Switzerland , 590 , 2 , 592 , 957 , 1 , 958 , 965 , -   , 965 ," 2,512 ", 3 ," 2,515 "," 2,010 ", 5 ," 2,015 "," 1,417 ", -   ," 1,417 ", 840 , -   , 840 ," 4,267 ", 5 ," 4,272 "," 2,008 ", -   ," 2,008 ", 842 , -   , 842 ," 1,089 ", -   ," 1,089 "," 3,939 ", -   ," 3,939 "," 2,165 ", 16 ," 2,181 "," 1,339 ", -   ," 1,339 ", 969 , 2 , 971 ," 4,473 ", 18 ," 4,491 "," 15,191 ", 26 ," 15,217 ",,
TOTAL EUROPE," 18,121 ", 92 ," 18,213 "," 22,529 ", 162 ," 22,691 "," 19,936 ", 62 ," 19,998 "," 60,586 ", 316 ," 60,902 "," 23,888 ", 104 ," 23,992 "," 17,148 ", 31 ," 17,179 "," 14,459 ", 20 ," 14,479 "," 55,495 ", 155 ," 55,650 "," 21,729 ", 18 ," 21,747 "," 21,759 ", 5 ," 21,764 "," 17,152 ", 13 ," 17,165 "," 60,640 ", 36 ," 60,676 "," 26,754 ", 323 ," 27,077 "," 21,104 ", 23 ," 21,127 "," 18,150 ", 158 ," 18,308 "," 66,008 ", 504 ," 66,512 "," 242,729 "," 1,011 "," 243,740 ",,
,,,,,,,,,,,,,,,,,,,,,,,,,,,,,,,,,,,,,,,,,,,,,,,,,,,,,
AFRICA,,,,,,,,,,,,,,,,,,,,,,,,,,,,,,,,,,,,,,,,,,,,,,,,,,,,,
 Agalega , -   , -   , -   , -   , -   , -   , -   , -   , -   , -   , -   , -   , -   , -   , -   , -   , -   , -   , -   , -   , -   , -   , -   , -   , -   , -   , -   , -   , -   , -   , -   , -   , -   , -   , -   , -   , -   , -   , -   , -   , -   , -   , -   , -   , -   , -   , -   , -   , -   , -   , -   ,,
 Burundi , 4 , -   , 4 , 1 , -   , 1 , 2 , -   , 2 , 7 , -   , 7 , 9 , -   , 9 , -   , -   , -   , 2 , -   , 2 , 11 , -   , 11 , 2 , -   , 2 , -   , -   , -   , 1 , -   , 1 , 3 , -   , 3 , -   , -   , -   , 1 , -   , 1 , 5 , -   , 5 , 6 , -   , 6 , 27 , -   , 27 ,,
 Comoros , -   , -   , -   , 12 , -   , 12 , 8 , -   , 8 , 20 , -   , 20 , -   , -   , -   , 9 , -   , 9 , 4 , -   , 4 , 13 , -   , 13 , 2 , -   , 2 , 9 , -   , 9 , 10 , -   , 10 , 21 , -   , 21 , 4 , -   , 4 , 19 , -   , 19 , 5 , -   , 5 , 28 , -   , 28 , 82 , -   , 82 ,,
 Djibouti , 1 , -   , 1 , 4 , -   , 4 , 3 , -   , 3 , 8 , -   , 8 , 4 , -   , 4 , 3 , -   , 3 , 1 , -   , 1 , 8 , -   , 8 , -   , -   , -   , 2 , -   , 2 , 2 , -   , 2 , 4 , -   , 4 , 11 , -   , 11 , 18 , -   , 18 , 5 , -   , 5 , 34 , -   , 34 , 54 , -   , 54 ,,
 Eritrea , -   , -   , -   , -   , -   , -   , -   , -   , -   , -   , -   , -   , -   , -   , -   , -   , -   , -   , -   , -   , -   , -   , -   , -   , 2 , -   , 2 , 3 , -   , 3 , 2 , -   , 2 , 7 , -   , 7 , -   , -   , -   , 2 , -   , 2 , -   , -   , -   , 2 , -   , 2 , 9 , -   , 9 ,,
 Ethiopia , 61 , -   , 61 , 47 , -   , 47 , 77 , -   , 77 , 185 , -   , 185 , 71 , -   , 71 , 68 , -   , 68 , 89 , -   , 89 , 228 , -   , 228 , 129 , -   , 129 , 100 , -   , 100 , 89 , -   , 89 , 318 , -   , 318 , 91 , -   , 91 , 128 , -   , 128 , 79 , -   , 79 , 298 , -   , 298 ," 1,029 ", -   ," 1,029 ",,
 Kenya , 53 , -   , 53 , 65 , -   , 65 , 85 , -   , 85 , 203 , -   , 203 , 115 , -   , 115 , 119 , -   , 119 , 138 , -   , 138 , 372 , -   , 372 , 199 , -   , 199 , 89 , -   , 89 , 117 , -   , 117 , 405 , -   , 405 , 128 , -   , 128 , 92 , -   , 92 , 199 , 2 , 201 , 419 , 2 , 421 ," 1,399 ", 2 ," 1,401 ",,
 Madagascar , 3 , -   , 3 , 1 , -   , 1 , 3 , -   , 3 , 7 , -   , 7 , 13 , -   , 13 , 46 , -   , 46 , 34 , -   , 34 , 93 , -   , 93 , 41 , -   , 41 , 83 , -   , 83 , 46 , -   , 46 , 170 , -   , 170 , 42 , -   , 42 , 45 , -   , 45 , 37 , -   , 37 , 124 , -   , 124 , 394 , -   , 394 ,,
 Malawi , -   , -   , -   , 3 , -   , 3 , -   , -   , -   , 3 , -   , 3 , 4 , -   , 4 , 7 , -   , 7 , 4 , -   , 4 , 15 , -   , 15 , 8 , -   , 8 , -   , -   , -   , 4 , -   , 4 , 12 , -   , 12 , 6 , -   , 6 , 1 , -   , 1 , 11 , -   , 11 , 18 , -   , 18 , 48 , -   , 48 ,,
 Mauritius , 53 , -   , 53 , 106 , 14 , 120 , 128 , 4 , 132 , 287 , 18 , 305 , 134 , -   , 134 , 144 , -   , 144 , 141 , 2 , 143 , 419 , 2 , 421 , 152 , -   , 152 , 188 , 2 , 190 , 163 , -   , 163 , 503 , 2 , 505 , 208 , 4 , 212 , 171 , 2 , 173 , 165 , -   , 165 , 544 , 6 , 550 ," 1,753 ", 28 ," 1,781 ",,
 Mayotte , 4 , -   , 4 , 1 , -   , 1 , 9 , -   , 9 , 14 , -   , 14 , 14 , -   , 14 , 55 , -   , 55 , 2 , -   , 2 , 71 , -   , 71 , 26 , -   , 26 , -   , -   , -   , 3 , -   , 3 , 29 , -   , 29 , 6 , -   , 6 , 5 , -   , 5 , 20 , -   , 20 , 31 , -   , 31 , 145 , -   , 145 ,,
 Mozambique , 1 , -   , 1 , 2 , -   , 2 , 5 , -   , 5 , 8 , -   , 8 , 8 , -   , 8 , 11 , -   , 11 , 5 , -   , 5 , 24 , -   , 24 , 5 , -   , 5 , 17 , -   , 17 , 9 , -   , 9 , 31 , -   , 31 , 6 , -   , 6 , 2 , -   , 2 , 29 , -   , 29 , 37 , -   , 37 , 100 , -   , 100 ,,
 Reunion , 299 , -   , 299 , 174 , -   , 174 , 382 , -   , 382 , 855 , -   , 855 , 250 , -   , 250 , 457 , -   , 457 , 198 , -   , 198 , 905 , -   , 905 , 548 , -   , 548 , 138 , -   , 138 , 109 , -   , 109 , 795 , -   , 795 , 379 , -   , 379 , 167 , -   , 167 , 429 , 3 , 432 , 975 , 3 , 978 ," 3,530 ", 3 ," 3,533 ",,
 Rodrigue (2) , -   , -   , -   , -   , -   , -   , -   , -   , -   , -   , -   , -   , -   , -   , -   , -   , -   , -   , -   , -   , -   , -   , -   , -   , -   , -   , -   , -   , -   , -   , -   , -   , -   , -   , -   , -   , -   , -   , -   , -   , -   , -   , -   , -   , -   , -   , -   , -   , -   , -   , -   ,,
 Rwanda , 4 , -   , 4 , 4 , -   , 4 , 3 , -   , 3 , 11 , -   , 11 , 8 , -   , 8 , 3 , -   , 3 , 5 , -   , 5 , 16 , -   , 16 , 22 , -   , 22 , 10 , -   , 10 , 7 , -   , 7 , 39 , -   , 39 , 8 , -   , 8 , 20 , -   , 20 , 21 , -   , 21 , 49 , -   , 49 , 115 , -   , 115 ,,
 Somalia , -   , -   , -   , -   , -   , -   , 3 , -   , 3 , 3 , -   , 3 , -   , -   , -   , 18 , -   , 18 , 37 , -   , 37 , 55 , -   , 55 , 16 , -   , 16 , 1 , -   , 1 , -   , -   , -   , 17 , -   , 17 , 1 , -   , 1 , 1 , -   , 1 , 13 , -   , 13 , 15 , -   , 15 , 90 , -   , 90 ,,
 Uganda , 27 , -   , 27 , 6 , -   , 6 , 14 , -   , 14 , 47 , -   , 47 , 22 , -   , 22 , 15 , -   , 15 , 37 , -   , 37 , 74 , -   , 74 , 30 , -   , 30 , 27 , -   , 27 , 15 , -   , 15 , 72 , -   , 72 , 19 , -   , 19 , 18 , -   , 18 , 81 , -   , 81 , 118 , -   , 118 , 311 , -   , 311 ,,
 United Republic of Tanzania , 7 , -   , 7 , 4 , -   , 4 , 15 , -   , 15 , 26 , -   , 26 , 20 , -   , 20 , 15 , -   , 15 , 14 , 2 , 16 , 49 , 2 , 51 , 8 , -   , 8 , 20 , -   , 20 , 12 , -   , 12 , 40 , -   , 40 , 16 , -   , 16 , 10 , -   , 10 , 24 , -   , 24 , 50 , -   , 50 , 165 , 2 , 167 ,,
 Zambia , 2 , -   , 2 , 1 , -   , 1 , 14 , -   , 14 , 17 , -   , 17 , 14 , -   , 14 , 32 , -   , 32 , 10 , -   , 10 , 56 , -   , 56 , 26 , -   , 26 , 8 , -   , 8 , 8 , -   , 8 , 42 , -   , 42 , 40 , -   , 40 , 14 , -   , 14 , 74 , -   , 74 , 128 , -   , 128 , 243 , -   , 243 ,,
 Zimbabwe  , 8 , 1 , 9 , 12 , -   , 12 , 9 , -   , 9 , 29 , 1 , 30 , 34 , -   , 34 , 38 , -   , 38 , 18 , -   , 18 , 90 , -   , 90 , 17 , -   , 17 , 21 , -   , 21 , 15 , -   , 15 , 53 , -   , 53 , 20 , -   , 20 , 11 , -   , 11 , 81 , -   , 81 , 112 , -   , 112 , 284 , 1 , 285 ,,
 Angola , 1 , -   , 1 , 2 , -   , 2 , 4 , -   , 4 , 7 , -   , 7 , 7 , -   , 7 , 8 , -   , 8 , -   , -   , -   , 15 , -   , 15 , 2 , -   , 2 , -   , -   , -   , 8 , -   , 8 , 10 , -   , 10 , 9 , -   , 9 , 10 , -   , 10 , 26 , -   , 26 , 45 , -   , 45 , 77 , -   , 77 ,,
 Cameroon , 8 , -   , 8 , 6 , -   , 6 , 7 , -   , 7 , 21 , -   , 21 , 10 , -   , 10 , 13 , -   , 13 , 6 , -   , 6 , 29 , -   , 29 , 13 , -   , 13 , 10 , -   , 10 , 12 , -   , 12 , 35 , -   , 35 , 11 , -   , 11 , 28 , -   , 28 , 7 , -   , 7 , 46 , -   , 46 , 131 , -   , 131 ,,
 Central African Republic , -   , -   , -   , 2 , -   , 2 , -   , -   , -   , 2 , -   , 2 , -   , -   , -   , -   , -   , -   , 7 , -   , 7 , 7 , -   , 7 , -   , -   , -   , -   , -   , -   , -   , -   , -   , -   , -   , -   , -   , -   , -   , -   , -   , -   , -   , -   , -   , -   , -   , -   , 9 , -   , 9 ,,
 Chad , -   , -   , -   , 2 , -   , 2 , 3 , -   , 3 , 5 , -   , 5 , -   , -   , -   , 2 , -   , 2 , -   , -   , -   , 2 , -   , 2 , -   , -   , -   , -   , -   , -   , 4 , -   , 4 , 4 , -   , 4 , 1 , -   , 1 , 2 , -   , 2 , 2 , -   , 2 , 5 , -   , 5 , 16 , -   , 16 ,,
 Congo , 1 , -   , 1 , 3 , -   , 3 , 29 , -   , 29 , 33 , -   , 33 , 39 , -   , 39 , 7 , -   , 7 , 9 , -   , 9 , 55 , -   , 55 , 8 , -   , 8 , 18 , -   , 18 , 7 , -   , 7 , 33 , -   , 33 , 17 , -   , 17 , 23 , -   , 23 , 27 , -   , 27 , 67 , -   , 67 , 188 , -   , 188 ,,
 Democratic Republic of the Congo  , 8 , -   , 8 , 3 , -   , 3 , -   , -   , -   , 11 , -   , 11 , -   , -   , -   , -   , -   , -   , -   , -   , -   , -   , -   , -   , -   , -   , -   , -   , -   , -   , -   , -   , -   , -   , -   , -   , -   , -   , -   , -   , -   , -   , -   , -   , -   , -   , -   , -   , 11 , -   , 11 ,,
 Equatorial Guinea , -   , -   , -   , -   , -   , -   , -   , -   , -   , -   , -   , -   , 2 , -   , 2 , -   , -   , -   , -   , -   , -   , 2 , -   , 2 , -   , -   , -   , 1 , -   , 1 , -   , -   , -   , 1 , -   , 1 , -   , -   , -   , 4 , -   , 4 , 3 , -   , 3 , 7 , -   , 7 , 10 , -   , 10 ,,
 Gabon , -   , -   , -   , -   , -   , -   , -   , -   , -   , -   , -   , -   , -   , -   , -   , 4 , -   , 4 , -   , -   , -   , 4 , -   , 4 , 4 , -   , 4 , 4 , -   , 4 , 1 , -   , 1 , 9 , -   , 9 , -   , -   , -   , 3 , -   , 3 , 2 , -   , 2 , 5 , -   , 5 , 18 , -   , 18 ,,
 Sao Tome and Principe , -   , -   , -   , -   , -   , -   , -   , -   , -   , -   , -   , -   , -   , -   , -   , -   , -   , -   , -   , -   , -   , -   , -   , -   , -   , -   , -   , -   , -   , -   , -   , -   , -   , -   , -   , -   , -   , -   , -   , 2 , -   , 2 , -   , -   , -   , 2 , -   , 2 , 2 , -   , 2 ,,
 Algeria , 7 , -   , 7 , 5 , -   , 5 , 8 , -   , 8 , 20 , -   , 20 , 1 , -   , 1 , 5 , -   , 5 , 6 , -   , 6 , 12 , -   , 12 , 18 , -   , 18 , 24 , -   , 24 , 15 , -   , 15 , 57 , -   , 57 , 8 , -   , 8 , 5 , -   , 5 , 10 , -   , 10 , 23 , -   , 23 , 112 , -   , 112 ,,
 Egypt , 16 , -   , 16 , 21 , -   , 21 , 32 , -   , 32 , 69 , -   , 69 , 12 , -   , 12 , 47 , -   , 47 , 29 , -   , 29 , 88 , -   , 88 , 52 , -   , 52 , 17 , -   , 17 , 56 , -   , 56 , 125 , -   , 125 , 23 , -   , 23 , 31 , -   , 31 , 22 , -   , 22 , 76 , -   , 76 , 358 , -   , 358 ,,
 Libya , 2 , -   , 2 , 4 , -   , 4 , 4 , -   , 4 , 10 , -   , 10 , 2 , -   , 2 , 3 , -   , 3 , 6 , -   , 6 , 11 , -   , 11 , -   , -   , -   , -   , -   , -   , 1 , -   , 1 , 1 , -   , 1 , 6 , -   , 6 , -   , -   , -   , 1 , -   , 1 , 7 , -   , 7 , 29 , -   , 29 ,,
 Morocco , 2 , -   , 2 , 10 , -   , 10 , 41 , -   , 41 , 53 , -   , 53 , 3 , -   , 3 , 31 , -   , 31 , 15 , -   , 15 , 49 , -   , 49 , 40 , -   , 40 , 95 , -   , 95 , 35 , -   , 35 , 170 , -   , 170 , 22 , -   , 22 , 12 , -   , 12 , 24 , -   , 24 , 58 , -   , 58 , 330 , -   , 330 ,,
 South Sudan , 2 , -   , 2 , 2 , -   , 2 , -   , -   , -   , 4 , -   , 4 , 4 , -   , 4 , -   , -   , -   , 2 , -   , 2 , 6 , -   , 6 , 2 , -   , 2 , 1 , -   , 1 , 2 , -   , 2 , 5 , -   , 5 , 5 , -   , 5 , 4 , -   , 4 , -   , -   , -   , 9 , -   , 9 , 24 , -   , 24 ,,
 Sudan , 7 , -   , 7 , 8 , -   , 8 , 4 , -   , 4 , 19 , -   , 19 , 2 , -   , 2 , 9 , -   , 9 , 5 , -   , 5 , 16 , -   , 16 , 10 , -   , 10 , 9 , -   , 9 , -   , -   , -   , 19 , -   , 19 , 7 , -   , 7 , 1 , -   , 1 , 15 , -   , 15 , 23 , -   , 23 , 77 , -   , 77 ,,
 Tunisia , 7 , -   , 7 , 18 , -   , 18 , 19 , -   , 19 , 44 , -   , 44 , 17 , -   , 17 , 26 , -   , 26 , 20 , -   , 20 , 63 , -   , 63 , 31 , -   , 31 , 57 , -   , 57 , 31 , -   , 31 , 119 , -   , 119 , 25 , -   , 25 , 8 , -   , 8 , 17 , -   , 17 , 50 , -   , 50 , 276 , -   , 276 ,,
 Western Sahara , -   , -   , -   , -   , -   , -   , -   , -   , -   , -   , -   , -   , -   , -   , -   , -   , -   , -   , -   , -   , -   , -   , -   , -   , -   , -   , -   , -   , -   , -   , -   , -   , -   , -   , -   , -   , -   , -   , -   , -   , -   , -   , -   , -   , -   , -   , -   , -   , -   , -   , -   ,,
 Botswana , 7 , -   , 7 , 1 , -   , 1 , 7 , -   , 7 , 15 , -   , 15 , 14 , -   , 14 , 15 , -   , 15 , 17 , -   , 17 , 46 , -   , 46 , 12 , -   , 12 , 17 , -   , 17 , 12 , -   , 12 , 41 , -   , 41 , 13 , -   , 13 , 3 , -   , 3 , 55 , -   , 55 , 71 , -   , 71 , 173 , -   , 173 ,,
 Lesotho , -   , -   , -   , -   , -   , -   , 1 , -   , 1 , 1 , -   , 1 , -   , -   , -   , -   , -   , -   , 1 , -   , 1 , 1 , -   , 1 , -   , -   , -   , -   , -   , -   , -   , -   , -   , -   , -   , -   , 7 , -   , 7 , -   , -   , -   , -   , -   , -   , 7 , -   , 7 , 9 , -   , 9 ,,
 Namibia , 4 , -   , 4 , 3 , -   , 3 , 12 , -   , 12 , 19 , -   , 19 , 11 , -   , 11 , 17 , -   , 17 , 3 , -   , 3 , 31 , -   , 31 , 2 , -   , 2 , 3 , -   , 3 , 10 , -   , 10 , 15 , -   , 15 , 6 , 1 , 7 , 11 , -   , 11 , 40 , -   , 40 , 57 , 1 , 58 , 122 , 1 , 123 ,,
 South Africa , 286 , 9 , 295 , 412 , 12 , 424 , 991 , 13 ," 1,004 "," 1,689 ", 34 ," 1,723 ", 901 , 6 , 907 , 587 , 3 , 590 , 846 , 3 , 849 ," 2,334 ", 12 ," 2,346 ", 815 , 1 , 816 , 439 , -   , 439 , 884 , 6 , 890 ," 2,138 ", 7 ," 2,145 ", 718 , 11 , 729 , 544 , 4 , 548 ," 1,687 ", 7 ," 1,694 "," 2,949 ", 22 ," 2,971 "," 9,110 ", 75 ," 9,185 ",,
 Swaziland , 2 , -   , 2 , -   , -   , -   , -   , -   , -   , 2 , -   , 2 , -   , -   , -   , -   , -   , -   , -   , -   , -   , -   , -   , -   , -   , -   , -   , -   , -   , -   , -   , -   , -   , -   , -   , -   , -   , -   , -   , -   , -   , -   , -   , -   , -   , -   , -   , -   , 2 , -   , 2 ,,
 Benin , -   , -   , -   , -   , -   , -   , -   , -   , -   , -   , -   , -   , 1 , -   , 1 , -   , -   , -   , -   , -   , -   , 1 , -   , 1 , -   , -   , -   , 2 , -   , 2 , 1 , -   , 1 , 3 , -   , 3 , -   , -   , -   , -   , -   , -   , 2 , -   , 2 , 2 , -   , 2 , 6 , -   , 6 ,,
 Burkina Faso , -   , -   , -   , -   , -   , -   , -   , -   , -   , -   , -   , -   , 2 , -   , 2 , 1 , -   , 1 , 1 , -   , 1 , 4 , -   , 4 , 2 , -   , 2 , -   , -   , -   , 1 , -   , 1 , 3 , -   , 3 , -   , -   , -   , -   , -   , -   , 1 , -   , 1 , 1 , -   , 1 , 8 , -   , 8 ,,
 Cape Verde , -   , -   , -   , -   , -   , -   , -   , -   , -   , -   , -   , -   , -   , -   , -   , -   , -   , -   , -   , -   , -   , -   , -   , -   , -   , -   , -   , -   , -   , -   , -   , -   , -   , -   , -   , -   , 2 , -   , 2 , -   , -   , -   , -   , -   , -   , 2 , -   , 2 , 2 , -   , 2 ,,
 Cote D'ivoire , 2 , -   , 2 , 7 , -   , 7 , 6 , -   , 6 , 15 , -   , 15 , 23 , -   , 23 , 17 , -   , 17 , 11 , -   , 11 , 51 , -   , 51 , 30 , -   , 30 , 20 , -   , 20 , 17 , -   , 17 , 67 , -   , 67 , 15 , -   , 15 , 9 , -   , 9 , 22 , -   , 22 , 46 , -   , 46 , 179 , -   , 179 ,,
 Gambia , -   , -   , -   , -   , -   , -   , -   , -   , -   , -   , -   , -   , -   , -   , -   , -   , -   , -   , -   , -   , -   , -   , -   , -   , -   , -   , -   , 10 , -   , 10 , -   , -   , -   , 10 , -   , 10 , -   , -   , -   , -   , -   , -   , -   , -   , -   , -   , -   , -   , 10 , -   , 10 ,,
 Ghana , 13 , -   , 13 , 14 , -   , 14 , 11 , -   , 11 , 38 , -   , 38 , 15 , -   , 15 , 8 , -   , 8 , 10 , -   , 10 , 33 , -   , 33 , 45 , -   , 45 , 54 , -   , 54 , 8 , -   , 8 , 107 , -   , 107 , 16 , -   , 16 , 28 , -   , 28 , 46 , -   , 46 , 90 , -   , 90 , 268 , -   , 268 ,,
 Guinea , 1 , -   , 1 , -   , -   , -   , -   , -   , -   , 1 , -   , 1 , -   , -   , -   , -   , -   , -   , -   , -   , -   , -   , -   , -   , 4 , -   , 4 , 8 , -   , 8 , -   , -   , -   , 12 , -   , 12 , 5 , -   , 5 , 3 , -   , 3 , -   , -   , -   , 8 , -   , 8 , 21 , -   , 21 ,,
 Guinea-Bissau , -   , -   , -   , -   , -   , -   , -   , -   , -   , -   , -   , -   , -   , -   , -   , -   , -   , -   , -   , -   , -   , -   , -   , -   , -   , -   , -   , -   , -   , -   , 1 , -   , 1 , 1 , -   , 1 , -   , -   , -   , -   , -   , -   , -   , -   , -   , -   , -   , -   , 1 , -   , 1 ,,
 Liberia , -   , -   , -   , -   , -   , -   , -   , -   , -   , -   , -   , -   , -   , -   , -   , 2 , -   , 2 , -   , -   , -   , 2 , -   , 2 , 3 , -   , 3 , 1 , -   , 1 , -   , -   , -   , 4 , -   , 4 , -   , -   , -   , 2 , -   , 2 , 10 , -   , 10 , 12 , -   , 12 , 18 , -   , 18 ,,
 Mali , 1 , -   , 1 , -   , -   , -   , 2 , -   , 2 , 3 , -   , 3 , 8 , -   , 8 , -   , -   , -   , 1 , -   , 1 , 9 , -   , 9 , 9 , -   , 9 , 3 , -   , 3 , 1 , -   , 1 , 13 , -   , 13 , -   , -   , -   , -   , -   , -   , -   , -   , -   , -   , -   , -   , 25 , -   , 25 ,,
 Mauritania , -   , -   , -   , 4 , -   , 4 , -   , -   , -   , 4 , -   , 4 , -   , -   , -   , -   , -   , -   , 1 , -   , 1 , 1 , -   , 1 , -   , -   , -   , 1 , -   , 1 , -   , -   , -   , 1 , -   , 1 , -   , -   , -   , -   , -   , -   , -   , -   , -   , -   , -   , -   , 6 , -   , 6 ,,
 Niger , -   , -   , -   , -   , -   , -   , 1 , -   , 1 , 1 , -   , 1 , -   , -   , -   , -   , -   , -   , -   , -   , -   , -   , -   , -   , 4 , -   , 4 , 4 , -   , 4 , 1 , -   , 1 , 9 , -   , 9 , -   , -   , -   , 1 , -   , 1 , 2 , -   , 2 , 3 , -   , 3 , 13 , -   , 13 ,,
 Nigeria , 225 , -   , 225 , 173 , -   , 173 , 106 , -   , 106 , 504 , -   , 504 , 123 , -   , 123 , 197 , -   , 197 , 74 , -   , 74 , 394 , -   , 394 , 151 , -   , 151 , 198 , -   , 198 , 116 , -   , 116 , 465 , -   , 465 , 115 , -   , 115 , 108 , -   , 108 , 290 , -   , 290 , 513 , -   , 513 ," 1,876 ", -   ," 1,876 ",,
 Saint Helena , -   , -   , -   , -   , -   , -   , -   , -   , -   , -   , -   , -   , -   , -   , -   , -   , -   , -   , -   , -   , -   , -   , -   , -   , -   , -   , -   , -   , -   , -   , -   , -   , -   , -   , -   , -   , -   , -   , -   , -   , -   , -   , -   , -   , -   , -   , -   , -   , -   , -   , -   ,,
 Senegal , 2 , -   , 2 , 1 , -   , 1 , 3 , -   , 3 , 6 , -   , 6 , 5 , -   , 5 , 3 , -   , 3 , 3 , -   , 3 , 11 , -   , 11 , 3 , -   , 3 , 8 , -   , 8 , 11 , -   , 11 , 22 , -   , 22 , 12 , -   , 12 , 2 , -   , 2 , 10 , -   , 10 , 24 , -   , 24 , 63 , -   , 63 ,,
 Sierra Leone , 2 , -   , 2 , 1 , -   , 1 , -   , -   , -   , 3 , -   , 3 , -   , -   , -   , -   , -   , -   , 1 , -   , 1 , 1 , -   , 1 , 2 , -   , 2 , 1 , -   , 1 , 7 , -   , 7 , 10 , -   , 10 , 8 , -   , 8 , -   , -   , -   , -   , -   , -   , 8 , -   , 8 , 22 , -   , 22 ,,
 Togo , -   , -   , -   , 1 , -   , 1 , -   , -   , -   , 1 , -   , 1 , -   , -   , -   , -   , -   , -   , 2 , -   , 2 , 2 , -   , 2 , -   , -   , -   , 2 , -   , 2 , -   , -   , -   , 2 , -   , 2 , 1 , -   , 1 , -   , -   , -   , -   , -   , -   , 1 , -   , 1 , 6 , -   , 6 ,,
TOTAL AFRICA," 1,133 ", 10 ," 1,143 "," 1,146 ", 26 ," 1,172 "," 2,051 ", 17 ," 2,068 "," 4,330 ", 53 ," 4,383 "," 1,922 ", 6 ," 1,928 "," 2,042 ", 3 ," 2,045 "," 1,815 ", 7 ," 1,822 "," 5,779 ", 16 ," 5,795 "," 2,495 ", 1 ," 2,496 "," 1,723 ", 2 ," 1,725 "," 1,854 ", 6 ," 1,860 "," 6,072 ", 9 ," 6,081 "," 2,037 ", 16 ," 2,053 "," 1,569 ", 6 ," 1,575 "," 3,599 ", 12 ," 3,611 "," 7,205 ", 34 ," 7,239 "," 23,386 ", 112 ," 23,498 ",,
,,,,,,,,,,,,,,,,,,,,,,,,,,,,,,,,,,,,,,,,,,,,,,,,,,,,,
ASIA,,,,,,,,,,,,,,,,,,,,,,,,,,,,,,,,,,,,,,,,,,,,,,,,,,,,,
 Kazakhstan , 32 , -   , 32 , 43 , -   , 43 , 90 , -   , 90 , 165 , -   , 165 , 14 , -   , 14 , 23 , -   , 23 , 26 , -   , 26 , 63 , -   , 63 , 17 , -   , 17 , 1 , -   , 1 , 17 , -   , 17 , 35 , -   , 35 , 31 , -   , 31 , 33 , -   , 33 , 302 , -   , 302 , 366 , -   , 366 , 629 , -   , 629 ,,
 Kyrgyzstan , 13 , -   , 13 , 1 , -   , 1 , 7 , -   , 7 , 21 , -   , 21 , 13 , -   , 13 , 3 , -   , 3 , 12 , -   , 12 , 28 , -   , 28 , 1 , -   , 1 , 1 , -   , 1 , -   , -   , -   , 2 , -   , 2 , 8 , 1 , 9 , 2 , -   , 2 , 10 , -   , 10 , 20 , 1 , 21 , 71 , 1 , 72 ,,
 Tajikistan , -   , -   , -   , -   , -   , -   , -   , -   , -   , -   , -   , -   , -   , -   , -   , -   , -   , -   , -   , -   , -   , -   , -   , -   , 4 , -   , 4 , -   , -   , -   , 1 , -   , 1 , 5 , -   , 5 , -   , -   , -   , -   , -   , -   , 2 , -   , 2 , 2 , -   , 2 , 7 , -   , 7 ,,
 Turkmenistan , -   , -   , -   , -   , -   , -   , -   , -   , -   , -   , -   , -   , -   , -   , -   , -   , -   , -   , -   , -   , -   , -   , -   , -   , 1 , -   , 1 , -   , -   , -   , -   , -   , -   , 1 , -   , 1 , -   , -   , -   , 2 , -   , 2 , -   , -   , -   , 2 , -   , 2 , 3 , -   , 3 ,,
 Uzbekistan , 57 , -   , 57 , 2 , -   , 2 , 11 , -   , 11 , 70 , -   , 70 , 2 , -   , 2 , 1 , -   , 1 , 4 , -   , 4 , 7 , -   , 7 , 10 , -   , 10 , 5 , -   , 5 , 4 , -   , 4 , 19 , -   , 19 , 6 , -   , 6 , 3 , -   , 3 , 44 , -   , 44 , 53 , -   , 53 , 149 , -   , 149 ,,
 China , 10 , -   , 10 , 53 , -   , 53 , 9 , -   , 9 , 72 , -   , 72 , 21 , -   , 21 , 18 , -   , 18 , 23 , 1 , 24 , 62 , 1 , 63 , 35 , -   , 35 , 17 , -   , 17 , 47 , -   , 47 , 99 , -   , 99 , 29 , 1 , 30 , 25 , -   , 25 , 56 , 3 , 59 , 110 , 4 , 114 , 343 , 5 , 348 ,,
" china, Hong Kong SAR(3) ", 1 , -   , 1 , -   , -   , -   , 4 , -   , 4 , 5 , -   , 5 , 4 , -   , 4 , 9 , -   , 9 , 6 , -   , 6 , 19 , -   , 19 , 9 , -   , 9 , 4 , -   , 4 , 14 , -   , 14 , 27 , -   , 27 , 9 , -   , 9 , 10 , -   , 10 , 18 , -   , 18 , 37 , -   , 37 , 88 , -   , 88 ,,
" China, Macao SAR(3) ", -   , -   , -   , -   , -   , -   , -   , -   , -   , -   , -   , -   , -   , -   , -   , -   , -   , -   , -   , -   , -   , -   , -   , -   , -   , -   , -   , -   , -   , -   , -   , -   , -   , -   , -   , -   , -   , -   , -   , -   , -   , -   , -   , -   , -   , -   , -   , -   , -   , -   , -   ,,
 DPR of Korea  , -   , -   , -   , -   , -   , -   , -   , -   , -   , -   , -   , -   , -   , -   , -   , -   , -   , -   , -   , -   , -   , -   , -   , -   , -   , -   , -   , -   , -   , -   , -   , -   , -   , -   , -   , -   , -   , -   , -   , -   , -   , -   , -   , -   , -   , -   , -   , -   , -   , -   , -   ,,
 Japan , 2 , -   , 2 , 7 , -   , 7 , 5 , -   , 5 , 14 , -   , 14 , 11 , -   , 11 , 11 , -   , 11 , 4 , -   , 4 , 26 , -   , 26 , 6 , -   , 6 , 1 , -   , 1 , 21 , -   , 21 , 28 , -   , 28 , 25 , -   , 25 , 13 , -   , 13 , 11 , -   , 11 , 49 , -   , 49 , 117 , -   , 117 ,,
 Mongolia , 1 , -   , 1 , -   , -   , -   , 2 , -   , 2 , 3 , -   , 3 , -   , -   , -   , -   , -   , -   , 2 , -   , 2 , 2 , -   , 2 , 8 , -   , 8 , -   , -   , -   , -   , -   , -   , 8 , -   , 8 , -   , -   , -   , 2 , -   , 2 , 5 , -   , 5 , 7 , -   , 7 , 20 , -   , 20 ,,
 Republic of Korea , 6 , -   , 6 , -   , -   , -   , 8 , -   , 8 , 14 , -   , 14 , 6 , -   , 6 , 23 , -   , 23 , 11 , -   , 11 , 40 , -   , 40 , 26 , -   , 26 , 14 , -   , 14 , 23 , -   , 23 , 63 , -   , 63 , 46 , -   , 46 , 16 , -   , 16 , 27 , -   , 27 , 89 , -   , 89 , 206 , -   , 206 ,,
 Afghanistan , -   , -   , -   , -   , -   , -   , -   , -   , -   , -   , -   , -   , 1 , -   , 1 , -   , -   , -   , -   , -   , -   , 1 , -   , 1 , -   , -   , -   , 1 , -   , 1 , 1 , -   , 1 , 2 , -   , 2 , 1 , -   , 1 , -   , -   , -   , -   , -   , -   , 1 , -   , 1 , 4 , -   , 4 ,,
 Bangladesh , 3 , -   , 3 , 1 , -   , 1 , 6 , -   , 6 , 10 , -   , 10 , 3 , -   , 3 , 14 , -   , 14 , 10 , -   , 10 , 27 , -   , 27 , 12 , -   , 12 , 6 , -   , 6 , 2 , -   , 2 , 20 , -   , 20 , 14 , -   , 14 , 5 , -   , 5 , 17 , -   , 17 , 36 , -   , 36 , 93 , -   , 93 ,,
 Bhutan , -   , -   , -   , -   , -   , -   , -   , -   , -   , -   , -   , -   , -   , -   , -   , -   , -   , -   , -   , -   , -   , -   , -   , -   , -   , -   , -   , -   , -   , -   , -   , -   , -   , -   , -   , -   , -   , -   , -   , -   , -   , -   , -   , -   , -   , -   , -   , -   , -   , -   , -   ,,
 India , 108 , 1 , 109 , 182 , 4 , 186 , 323 , -   , 323 , 613 , 5 , 618 , 296 , 3 , 299 , 577 , -   , 577 , 535 , -   , 535 ," 1,408 ", 3 ," 1,411 ", 591 , 2 , 593 , 342 , -   , 342 , 322 , -   , 322 ," 1,255 ", 2 ," 1,257 ", 448 , 3 , 451 , 316 , -   , 316 , 901 , 3 , 904 ," 1,665 ", 6 ," 1,671 "," 4,941 ", 16 ," 4,957 ",,
 Iran (Islamic Republic of) , 15 , -   , 15 , 17 , -   , 17 , 140 , -   , 140 , 172 , -   , 172 , 12 , -   , 12 , 11 , -   , 11 , 4 , -   , 4 , 27 , -   , 27 , 10 , -   , 10 , 17 , -   , 17 , 17 , -   , 17 , 44 , -   , 44 , 6 , -   , 6 , 10 , -   , 10 , 15 , -   , 15 , 31 , -   , 31 , 274 , -   , 274 ,,
 Madives , 3 , -   , 3 , 8 , -   , 8 , 5 , -   , 5 , 16 , -   , 16 , 3 , -   , 3 , 15 , -   , 15 , 6 , -   , 6 , 24 , -   , 24 , 9 , -   , 9 , 4 , -   , 4 , 4 , -   , 4 , 17 , -   , 17 , 8 , -   , 8 , 7 , -   , 7 , 7 , -   , 7 , 22 , -   , 22 , 79 , -   , 79 ,,
 Nepal , 2 , 1 , 3 , 4 , -   , 4 , 9 , -   , 9 , 15 , 1 , 16 , 1 , -   , 1 , 6 , -   , 6 , 9 , -   , 9 , 16 , -   , 16 , 2 , -   , 2 , 15 , -   , 15 , -   , -   , -   , 17 , -   , 17 , 14 , -   , 14 , 4 , -   , 4 , 11 , 1 , 12 , 29 , 1 , 30 , 77 , 2 , 79 ,,
 Pakistan , 11 , -   , 11 , 31 , -   , 31 , 28 , -   , 28 , 70 , -   , 70 , 8 , -   , 8 , 36 , -   , 36 , 21 , -   , 21 , 65 , -   , 65 , 24 , -   , 24 , 6 , -   , 6 , 7 , -   , 7 , 37 , -   , 37 , 8 , -   , 8 , 4 , -   , 4 , 18 , -   , 18 , 30 , -   , 30 , 202 , -   , 202 ,,
 Sri Lanka , 178 , -   , 178 , 141 , 1 , 142 , 144 , -   , 144 , 463 , 1 , 464 , 94 , -   , 94 , 35 , -   , 35 , 41 , -   , 41 , 170 , -   , 170 , 45 , -   , 45 , 44 , -   , 44 , 33 , -   , 33 , 122 , -   , 122 , 44 , -   , 44 , 46 , -   , 46 , 58 , -   , 58 , 148 , -   , 148 , 903 , 1 , 904 ,,
 Brunei Darussalam , -   , -   , -   , -   , -   , -   , -   , -   , -   , -   , -   , -   , -   , -   , -   , -   , -   , -   , -   , -   , -   , -   , -   , -   , 2 , -   , 2 , -   , -   , -   , -   , -   , -   , 2 , -   , 2 , -   , -   , -   , -   , -   , -   , -   , -   , -   , -   , -   , -   , 2 , -   , 2 ,,
 Cambodia , 4 , -   , 4 , -   , -   , -   , -   , -   , -   , 4 , -   , 4 , -   , -   , -   , -   , -   , -   , -   , -   , -   , -   , -   , -   , -   , -   , -   , -   , -   , -   , 2 , -   , 2 , 2 , -   , 2 , 1 , 1 , 2 , 1 , -   , 1 , 6 , -   , 6 , 8 , 1 , 9 , 14 , 1 , 15 ,,
 Indonesia , 3 , 3 , 6 , 8 , 10 , 18 , 3 , 14 , 17 , 14 , 27 , 41 , 8 , 4 , 12 , 10 , -   , 10 , 6 , -   , 6 , 24 , 4 , 28 , 3 , -   , 3 , 9 , -   , 9 , 9 , -   , 9 , 21 , -   , 21 , 10 , -   , 10 , -   , -   , -   , 9 , 7 , 16 , 19 , 7 , 26 , 78 , 38 , 116 ,,
 Lao PDR  , -   , -   , -   , -   , -   , -   , -   , -   , -   , -   , -   , -   , -   , -   , -   , -   , -   , -   , -   , -   , -   , -   , -   , -   , -   , -   , -   , -   , -   , -   , -   , -   , -   , -   , -   , -   , -   , -   , -   , 1 , -   , 1 , -   , -   , -   , 1 , -   , 1 , 1 , -   , 1 ,,
 Malaysia , 4 , -   , 4 , 3 , -   , 3 , 13 , -   , 13 , 20 , -   , 20 , 6 , -   , 6 , 8 , -   , 8 , 9 , -   , 9 , 23 , -   , 23 , 20 , -   , 20 , 28 , -   , 28 , 15 , -   , 15 , 63 , -   , 63 , 5 , -   , 5 , 4 , -   , 4 , 3 , 2 , 5 , 12 , 2 , 14 , 118 , 2 , 120 ,,
 Myanmar , -   , -   , -   , 2 , -   , 2 , -   , -   , -   , 2 , -   , 2 , -   , -   , -   , -   , -   , -   , 3 , -   , 3 , 3 , -   , 3 , -   , -   , -   , -   , -   , -   , 3 , -   , 3 , 3 , -   , 3 , -   , -   , -   , -   , -   , -   , -   , -   , -   , -   , -   , -   , 8 , -   , 8 ,,
 Philippines , 6 , 12 , 18 , 55 , 38 , 93 , 30 , 25 , 55 , 91 , 75 , 166 , 10 , 8 , 18 , 19 , 1 , 20 , 27 , -   , 27 , 56 , 9 , 65 , 23 , 3 , 26 , 20 , -   , 20 , 14 , -   , 14 , 57 , 3 , 60 , 20 , 8 , 28 , 8 , 1 , 9 , 31 , 24 , 55 , 59 , 33 , 92 , 263 , 120 , 383 ,,
 Singapore , 10 , 7 , 17 , 7 , -   , 7 , 11 , 1 , 12 , 28 , 8 , 36 , 13 , -   , 13 , 11 , -   , 11 , 5 , -   , 5 , 29 , -   , 29 , 41 , -   , 41 , 17 , -   , 17 , 7 , -   , 7 , 65 , -   , 65 , 16 , -   , 16 , 9 , -   , 9 , 25 , -   , 25 , 50 , -   , 50 , 172 , 8 , 180 ,,
 Thailand , -   , 2 , 2 , 7 , 1 , 8 , 8 , -   , 8 , 15 , 3 , 18 , 8 , -   , 8 , 12 , -   , 12 , 15 , -   , 15 , 35 , -   , 35 , 15 , 2 , 17 , 28 , -   , 28 , 21 , -   , 21 , 64 , 2 , 66 , 23 , -   , 23 , 22 , -   , 22 , 13 , -   , 13 , 58 , -   , 58 , 172 , 5 , 177 ,,
 Timor-Leste , -   , -   , -   , -   , -   , -   , -   , -   , -   , -   , -   , -   , -   , -   , -   , -   , -   , -   , -   , -   , -   , -   , -   , -   , -   , -   , -   , -   , -   , -   , -   , -   , -   , -   , -   , -   , -   , -   , -   , -   , -   , -   , -   , -   , -   , -   , -   , -   , -   , -   , -   ,,
 Viet Nam , 1 , -   , 1 , -   , -   , -   , 4 , -   , 4 , 5 , -   , 5 , 65 , -   , 65 , 67 , -   , 67 , 1 , -   , 1 , 133 , -   , 133 , 3 , -   , 3 , -   , -   , -   , -   , -   , -   , 3 , -   , 3 , 3 , -   , 3 , 1 , -   , 1 , 1 , 2 , 3 , 5 , 2 , 7 , 146 , 2 , 148 ,,
 Armenia , 6 , -   , 6 , 8 , -   , 8 , 12 , -   , 12 , 26 , -   , 26 , 2 , -   , 2 , 3 , -   , 3 , 4 , -   , 4 , 9 , -   , 9 , 3 , -   , 3 , 20 , -   , 20 , 8 , -   , 8 , 31 , -   , 31 , 1 , -   , 1 , 7 , -   , 7 , 14 , -   , 14 , 22 , -   , 22 , 88 , -   , 88 ,,
 Azerbaijan , 17 , -   , 17 , 10 , -   , 10 , 72 , -   , 72 , 99 , -   , 99 , 10 , -   , 10 , 9 , -   , 9 , 7 , -   , 7 , 26 , -   , 26 , 7 , -   , 7 , 19 , -   , 19 , 4 , -   , 4 , 30 , -   , 30 , 16 , -   , 16 , 7 , -   , 7 , 16 , -   , 16 , 39 , -   , 39 , 194 , -   , 194 ,,
 Bahrain , 6 , -   , 6 , 19 , -   , 19 , 20 , -   , 20 , 45 , -   , 45 , 32 , -   , 32 , 35 , -   , 35 , 25 , -   , 25 , 92 , -   , 92 , 40 , -   , 40 , 32 , -   , 32 , 9 , -   , 9 , 81 , -   , 81 , 8 , -   , 8 , 14 , -   , 14 , 25 , -   , 25 , 47 , -   , 47 , 265 , -   , 265 ,,
 Cyprus , 33 , -   , 33 , 26 , -   , 26 , 44 , -   , 44 , 103 , -   , 103 , 53 , -   , 53 , 10 , -   , 10 , 23 , -   , 23 , 86 , -   , 86 , 22 , -   , 22 , 58 , -   , 58 , 7 , -   , 7 , 87 , -   , 87 , 21 , -   , 21 , 16 , -   , 16 , 41 , -   , 41 , 78 , -   , 78 , 354 , -   , 354 ,,
 Georgia , 3 , -   , 3 , 9 , -   , 9 , 17 , -   , 17 , 29 , -   , 29 , 5 , -   , 5 , 2 , -   , 2 , 4 , -   , 4 , 11 , -   , 11 , 3 , -   , 3 , 6 , -   , 6 , -   , -   , -   , 9 , -   , 9 , 23 , -   , 23 , 8 , -   , 8 , 20 , -   , 20 , 51 , -   , 51 , 100 , -   , 100 ,,
 Iraq , -   , -   , -   , 6 , -   , 6 , -   , -   , -   , 6 , -   , 6 , 1 , -   , 1 , 3 , -   , 3 , 8 , -   , 8 , 12 , -   , 12 , 6 , -   , 6 , 10 , -   , 10 , 2 , -   , 2 , 18 , -   , 18 , 4 , -   , 4 , 4 , -   , 4 , 4 , -   , 4 , 12 , -   , 12 , 48 , -   , 48 ,,
 Israel , 239 , -   , 239 , 597 , -   , 597 ," 1,472 ", -   ," 1,472 "," 2,308 ", -   ," 2,308 "," 2,427 ", -   ," 2,427 "," 1,010 ", -   ," 1,010 "," 1,016 ", -   ," 1,016 "," 4,453 ", -   ," 4,453 ", 863 , -   , 863 ," 1,549 ", -   ," 1,549 "," 1,866 ", -   ," 1,866 "," 4,278 ", -   ," 4,278 "," 2,340 ", 1 ," 2,341 "," 1,053 ", -   ," 1,053 "," 1,447 ", -   ," 1,447 "," 4,840 ", 1 ," 4,841 "," 15,879 ", 1 ," 15,880 ",,
 Jordan , 3 , -   , 3 , 7 , -   , 7 , 11 , -   , 11 , 21 , -   , 21 , 8 , -   , 8 , 13 , -   , 13 , 12 , -   , 12 , 33 , -   , 33 , 13 , -   , 13 , 10 , -   , 10 , 17 , -   , 17 , 40 , -   , 40 , 7 , -   , 7 , 18 , -   , 18 , 40 , -   , 40 , 65 , -   , 65 , 159 , -   , 159 ,,
 Kuwait , 29 , -   , 29 , 40 , -   , 40 , 91 , -   , 91 , 160 , -   , 160 , 34 , -   , 34 , 132 , -   , 132 , 81 , -   , 81 , 247 , -   , 247 , 165 , -   , 165 , 73 , -   , 73 , 50 , -   , 50 , 288 , -   , 288 , 41 , -   , 41 , 36 , -   , 36 , 56 , -   , 56 , 133 , -   , 133 , 828 , -   , 828 ,,
 Lebanon , 10 , -   , 10 , 21 , -   , 21 , 28 , -   , 28 , 59 , -   , 59 , 39 , -   , 39 , 43 , -   , 43 , 24 , -   , 24 , 106 , -   , 106 , 32 , -   , 32 , 30 , -   , 30 , 20 , -   , 20 , 82 , -   , 82 , 27 , -   , 27 , 14 , -   , 14 , 26 , -   , 26 , 67 , -   , 67 , 314 , -   , 314 ,,
 Occupied Palestinian Territory , 2 , -   , 2 , 3 , -   , 3 , -   , -   , -   , 5 , -   , 5 , -   , -   , -   , 2 , -   , 2 , -   , -   , -   , 2 , -   , 2 , -   , -   , -   , 1 , -   , 1 , 5 , -   , 5 , 6 , -   , 6 , 1 , -   , 1 , 6 , -   , 6 , -   , -   , -   , 7 , -   , 7 , 20 , -   , 20 ,,
 Oman , 8 , -   , 8 , 8 , -   , 8 , 27 , -   , 27 , 43 , -   , 43 , 11 , -   , 11 , 17 , -   , 17 , 7 , -   , 7 , 35 , -   , 35 , 23 , -   , 23 , 15 , -   , 15 , 5 , -   , 5 , 43 , -   , 43 , 14 , -   , 14 , 8 , -   , 8 , 26 , -   , 26 , 48 , -   , 48 , 169 , -   , 169 ,,
 Qatar  , 101 , -   , 101 , 164 , -   , 164 , 384 , -   , 384 , 649 , -   , 649 , 373 , -   , 373 , 430 , -   , 430 , 207 , -   , 207 ," 1,010 ", -   ," 1,010 ", 526 , -   , 526 , 209 , -   , 209 , 173 , -   , 173 , 908 , -   , 908 , 121 , -   , 121 , 80 , -   , 80 , 135 , -   , 135 , 336 , -   , 336 ," 2,903 ", -   ," 2,903 ",,
 Saudi Arabia , 42 , -   , 42 , 80 , -   , 80 , 191 , -   , 191 , 313 , -   , 313 , 115 , -   , 115 , 312 , -   , 312 , 153 , -   , 153 , 580 , -   , 580 , 484 , -   , 484 , 235 , -   , 235 , 126 , -   , 126 , 845 , -   , 845 , 71 , -   , 71 , 209 , -   , 209 , 138 , -   , 138 , 418 , -   , 418 ," 2,156 ", -   ," 2,156 ",,
 Syrian Arab Republic , 2 , -   , 2 , 9 , -   , 9 , 2 , -   , 2 , 13 , -   , 13 , -   , -   , -   , 4 , -   , 4 , 3 , -   , 3 , 7 , -   , 7 , 4 , -   , 4 , 1 , -   , 1 , -   , -   , -   , 5 , -   , 5 , -   , -   , -   , 3 , -   , 3 , 4 , -   , 4 , 7 , -   , 7 , 32 , -   , 32 ,,
 Turkey , 140 , -   , 140 , 109 , 6 , 115 , 214 , -   , 214 , 463 , 6 , 469 , 120 , -   , 120 , 145 , -   , 145 , 137 , -   , 137 , 402 , -   , 402 , 158 , -   , 158 , 136 , -   , 136 , 122 , -   , 122 , 416 , -   , 416 , 126 , 4 , 130 , 147 , -   , 147 , 101 , -   , 101 , 374 , 4 , 378 ," 1,655 ", 10 ," 1,665 ",,
 United Arab Emirates , 498 , -   , 498 , 886 , -   , 886 ," 1,993 ", -   ," 1,993 "," 3,377 ", -   ," 3,377 "," 1,642 ", -   ," 1,642 "," 1,686 ", -   ," 1,686 "," 1,097 ", -   ," 1,097 "," 4,425 ", -   ," 4,425 "," 2,448 ", -   ," 2,448 "," 1,940 ", -   ," 1,940 ", 735 , -   , 735 ," 5,123 ", -   ," 5,123 "," 1,135 ", -   ," 1,135 ", 972 , -   , 972 ," 1,886 ", -   ," 1,886 "," 3,993 ", -   ," 3,993 "," 16,918 ", -   ," 16,918 ",,
 Yemen , -   , -   , -   , 2 , -   , 2 , 1 , -   , 1 , 3 , -   , 3 , -   , -   , -   , -   , -   , -   , 1 , -   , 1 , 1 , -   , 1 , 1 , -   , 1 , 1 , -   , 1 , 2 , -   , 2 , 4 , -   , 4 , -   , -   , -   , -   , -   , -   , 1 , -   , 1 , 1 , -   , 1 , 9 , -   , 9 ,,
TOTAL ASIA," 1,609 ", 26 ," 1,635 "," 2,576 ", 60 ," 2,636 "," 5,439 ", 40 ," 5,479 "," 9,624 ", 126 ," 9,750 "," 5,471 ", 15 ," 5,486 "," 4,765 ", 1 ," 4,766 "," 3,589 ", 1 ," 3,590 "," 13,825 ", 17 ," 13,842 "," 5,715 ", 7 ," 5,722 "," 4,925 ", -   ," 4,925 "," 3,735 ", -   ," 3,735 "," 14,375 ", 7 ," 14,382 "," 4,731 ", 19 ," 4,750 "," 3,146 ", 1 ," 3,147 "," 5,570 ", 42 ," 5,612 "," 13,447 ", 62 ," 13,509 "," 51,271 ", 212 ," 51,483 ",,
,,,,,,,,,,,,,,,,,,,,,,,,,,,,,,,,,,,,,,,,,,,,,,,,,,,,,
OCEANIA,,,,,,,,,,,,,,,,,,,,,,,,,,,,,,,,,,,,,,,,,,,,,,,,,,,,,
 Australia , 15 , -   , 15 , 33 , 8 , 41 , 77 , 3 , 80 , 125 , 11 , 136 , 112 , 2 , 114 , 72 , 5 , 77 , 52 , -   , 52 , 236 , 7 , 243 , 57 , 2 , 59 , 67 , 1 , 68 , 141 , 8 , 149 , 265 , 11 , 276 , 89 , 1 , 90 , 76 , 1 , 77 , 137 , 8 , 145 , 302 , 10 , 312 , 928 , 39 , 967 ,,
 New Zealand , 1 , 3 , 4 , 2 , 7 , 9 , 7 , 2 , 9 , 10 , 12 , 22 , 12 , 1 , 13 , 7 , 6 , 13 , 13 , -   , 13 , 32 , 7 , 39 , 3 , -   , 3 , 17 , -   , 17 , 16 , 1 , 17 , 36 , 1 , 37 , 24 , -   , 24 , 9 , -   , 9 , 6 , 1 , 7 , 39 , 1 , 40 , 117 , 21 , 138 ,,
 Norfolk Island , -   , -   , -   , -   , -   , -   , -   , -   , -   , -   , -   , -   , -   , -   , -   , -   , -   , -   , -   , -   , -   , -   , -   , -   , -   , -   , -   , -   , -   , -   , -   , -   , -   , -   , -   , -   , -   , -   , -   , -   , -   , -   , -   , -   , -   , -   , -   , -   , -   , -   , -   ,,
 Fiji , -   , -   , -   , -   , -   , -   , -   , -   , -   , -   , -   , -   , -   , -   , -   , -   , -   , -   , -   , -   , -   , -   , -   , -   , 2 , -   , 2 , 5 , -   , 5 , -   , -   , -   , 7 , -   , 7 , 1 , -   , 1 , 1 , -   , 1 , 3 , -   , 3 , 5 , -   , 5 , 12 , -   , 12 ,,
 New Caledonia , 2 , -   , 2 , -   , -   , -   , -   , -   , -   , 2 , -   , 2 , -   , -   , -   , -   , -   , -   , -   , -   , -   , -   , -   , -   , -   , -   , -   , -   , -   , -   , 2 , -   , 2 , 2 , -   , 2 , 1 , -   , 1 , -   , -   , -   , -   , -   , -   , 1 , -   , 1 , 5 , -   , 5 ,,
 Papua New Guinea , -   , -   , -   , -   , -   , -   , -   , -   , -   , -   , -   , -   , -   , -   , -   , -   , -   , -   , -   , -   , -   , -   , -   , -   , -   , -   , -   , -   , -   , -   , -   , -   , -   , -   , -   , -   , -   , -   , -   , -   , -   , -   , -   , -   , -   , -   , -   , -   , -   , -   , -   ,,
 Solomon Islands , -   , -   , -   , -   , -   , -   , -   , -   , -   , -   , -   , -   , -   , -   , -   , -   , -   , -   , -   , -   , -   , -   , -   , -   , 1 , -   , 1 , -   , -   , -   , -   , -   , -   , 1 , -   , 1 , -   , -   , -   , -   , -   , -   , -   , -   , -   , -   , -   , -   , 1 , -   , 1 ,,
 Vanuatu , -   , -   , -   , 2 , -   , 2 , -   , -   , -   , 2 , -   , 2 , -   , -   , -   , -   , -   , -   , -   , -   , -   , -   , -   , -   , -   , -   , -   , -   , -   , -   , 1 , -   , 1 , 1 , -   , 1 , -   , -   , -   , -   , -   , -   , -   , -   , -   , -   , -   , -   , 3 , -   , 3 ,,
 Guam , -   , -   , -   , -   , -   , -   , 2 , -   , 2 , 2 , -   , 2 , -   , -   , -   , -   , -   , -   , -   , -   , -   , -   , -   , -   , -   , -   , -   , -   , -   , -   , -   , -   , -   , -   , -   , -   , -   , -   , -   , -   , -   , -   , -   , -   , -   , -   , -   , -   , 2 , -   , 2 ,,
 Kiribati , -   , -   , -   , -   , -   , -   , -   , -   , -   , -   , -   , -   , -   , -   , -   , -   , -   , -   , -   , -   , -   , -   , -   , -   , -   , -   , -   , -   , -   , -   , -   , -   , -   , -   , -   , -   , -   , -   , -   , -   , -   , -   , -   , -   , -   , -   , -   , -   , -   , -   , -   ,,
 Marshall Islands , -   , -   , -   , -   , -   , -   , -   , -   , -   , -   , -   , -   , -   , -   , -   , -   , -   , -   , -   , -   , -   , -   , -   , -   , -   , -   , -   , -   , -   , -   , -   , -   , -   , -   , -   , -   , -   , -   , -   , -   , -   , -   , -   , -   , -   , -   , -   , -   , -   , -   , -   ,,
 Micronesia (Federated States of , -   , -   , -   , -   , -   , -   , -   , -   , -   , -   , -   , -   , -   , -   , -   , -   , -   , -   , -   , -   , -   , -   , -   , -   , -   , -   , -   , -   , -   , -   , -   , -   , -   , -   , -   , -   , -   , -   , -   , -   , -   , -   , -   , -   , -   , -   , -   , -   , -   , -   , -   ,,
 Nauru , -   , -   , -   , -   , -   , -   , -   , -   , -   , -   , -   , -   , -   , -   , -   , -   , -   , -   , -   , -   , -   , -   , -   , -   , -   , -   , -   , -   , -   , -   , -   , -   , -   , -   , -   , -   , -   , -   , -   , -   , -   , -   , -   , -   , -   , -   , -   , -   , -   , -   , -   ,,
 Northern Mariana Islands , -   , -   , -   , -   , -   , -   , -   , -   , -   , -   , -   , -   , -   , -   , -   , -   , -   , -   , -   , -   , -   , -   , -   , -   , -   , -   , -   , -   , -   , -   , -   , -   , -   , -   , -   , -   , -   , -   , -   , -   , -   , -   , -   , -   , -   , -   , -   , -   , -   , -   , -   ,,
 Palau , -   , -   , -   , -   , -   , -   , -   , -   , -   , -   , -   , -   , -   , -   , -   , -   , -   , -   , -   , -   , -   , -   , -   , -   , -   , -   , -   , 2 , -   , 2 , -   , -   , -   , 2 , -   , 2 , -   , -   , -   , -   , -   , -   , -   , -   , -   , -   , -   , -   , 2 , -   , 2 ,,
 American Samoa , -   , -   , -   , -   , -   , -   , -   , -   , -   , -   , -   , -   , -   , -   , -   , -   , -   , -   , -   , -   , -   , -   , -   , -   , -   , -   , -   , -   , -   , -   , -   , -   , -   , -   , -   , -   , -   , -   , -   , -   , -   , -   , -   , -   , -   , -   , -   , -   , -   , -   , -   ,,
 Cook Islands , -   , -   , -   , -   , -   , -   , -   , -   , -   , -   , -   , -   , -   , -   , -   , -   , -   , -   , -   , -   , -   , -   , -   , -   , -   , -   , -   , -   , -   , -   , -   , -   , -   , -   , -   , -   , -   , -   , -   , -   , -   , -   , -   , -   , -   , -   , -   , -   , -   , -   , -   ,,
 French Polynesia (Tahiti) , -   , -   , -   , -   , -   , -   , -   , -   , -   , -   , -   , -   , -   , -   , -   , -   , -   , -   , 1 , -   , 1 , 1 , -   , 1 , -   , -   , -   , -   , -   , -   , -   , -   , -   , -   , -   , -   , -   , -   , -   , -   , -   , -   , -   , -   , -   , -   , -   , -   , 1 , -   , 1 ,,
 Niue , -   , -   , -   , -   , -   , -   , -   , -   , -   , -   , -   , -   , -   , -   , -   , -   , -   , -   , -   , -   , -   , -   , -   , -   , -   , -   , -   , -   , -   , -   , -   , -   , -   , -   , -   , -   , -   , -   , -   , -   , -   , -   , -   , -   , -   , -   , -   , -   , -   , -   , -   ,,
 Pitcairn , -   , -   , -   , -   , -   , -   , -   , -   , -   , -   , -   , -   , -   , -   , -   , -   , -   , -   , -   , -   , -   , -   , -   , -   , -   , -   , -   , -   , -   , -   , -   , -   , -   , -   , -   , -   , -   , -   , -   , -   , -   , -   , -   , -   , -   , -   , -   , -   , -   , -   , -   ,,
 Samoa , -   , -   , -   , -   , -   , -   , -   , -   , -   , -   , -   , -   , -   , -   , -   , -   , -   , -   , -   , -   , -   , -   , -   , -   , -   , -   , -   , 1 , -   , 1 , -   , -   , -   , 1 , -   , 1 , -   , -   , -   , -   , -   , -   , -   , -   , -   , -   , -   , -   , 1 , -   , 1 ,,
 Tokelau , -   , -   , -   , -   , -   , -   , -   , -   , -   , -   , -   , -   , -   , -   , -   , -   , -   , -   , -   , -   , -   , -   , -   , -   , -   , -   , -   , -   , -   , -   , -   , -   , -   , -   , -   , -   , -   , -   , -   , -   , -   , -   , -   , -   , -   , -   , -   , -   , -   , -   , -   ,,
 Tonga , -   , -   , -   , -   , -   , -   , -   , -   , -   , -   , -   , -   , -   , -   , -   , -   , -   , -   , -   , -   , -   , -   , -   , -   , -   , -   , -   , -   , -   , -   , -   , -   , -   , -   , -   , -   , -   , -   , -   , -   , -   , -   , -   , -   , -   , -   , -   , -   , -   , -   , -   ,,
 Tuvalu , -   , -   , -   , -   , -   , -   , -   , -   , -   , -   , -   , -   , -   , -   , -   , -   , -   , -   , -   , -   , -   , -   , -   , -   , -   , -   , -   , -   , -   , -   , -   , -   , -   , -   , -   , -   , -   , -   , -   , -   , -   , -   , -   , -   , -   , -   , -   , -   , -   , -   , -   ,,
 Wallis and Futuna Islands , -   , -   , -   , -   , -   , -   , -   , -   , -   , -   , -   , -   , -   , -   , -   , -   , -   , -   , -   , -   , -   , -   , -   , -   , -   , -   , -   , -   , -   , -   , -   , -   , -   , -   , -   , -   , -   , -   , -   , -   , -   , -   , -   , -   , -   , -   , -   , -   , -   , -   , -   ,,
TOTAL OCEANIA, 18 , 3 , 21 , 37 , 15 , 52 , 86 , 5 , 91 , 141 , 23 , 164 , 124 , 3 , 127 , 79 , 11 , 90 , 66 , -   , 66 , 269 , 14 , 283 , 63 , 2 , 65 , 92 , 1 , 93 , 160 , 9 , 169 , 315 , 12 , 327 , 115 , 1 , 116 , 86 , 1 , 87 , 146 , 9 , 155 , 347 , 11 , 358 ," 1,072 ", 60 ," 1,132 ",,
,,,,,,,,,,,,,,,,,,,,,,,,,,,,,,,,,,,,,,,,,,,,,,,,,,,,,
AMERICA,,,,,,,,,,,,,,,,,,,,,,,,,,,,,,,,,,,,,,,,,,,,,,,,,,,,,
 Anguilla , -   , -   , -   , -   , -   , -   , -   , -   , -   , -   , -   , -   , -   , -   , -   , 2 , -   , 2 , -   , -   , -   , 2 , -   , 2 , -   , -   , -   , -   , -   , -   , -   , -   , -   , -   , -   , -   , -   , -   , -   , -   , -   , -   , -   , -   , -   , -   , -   , -   , 2 , -   , 2 ,,
 Antigua and Barbuda , -   , -   , -   , 2 , -   , 2 , 1 , -   , 1 , 3 , -   , 3 , -   , -   , -   , -   , -   , -   , -   , -   , -   , -   , -   , -   , 1 , -   , 1 , -   , -   , -   , -   , -   , -   , 1 , -   , 1 , -   , -   , -   , -   , -   , -   , -   , -   , -   , -   , -   , -   , 4 , -   , 4 ,,
 Aruba , -   , -   , -   , -   , -   , -   , -   , -   , -   , -   , -   , -   , -   , -   , -   , -   , -   , -   , -   , -   , -   , -   , -   , -   , -   , -   , -   , -   , -   , -   , -   , -   , -   , -   , -   , -   , -   , -   , -   , -   , -   , -   , -   , -   , -   , -   , -   , -   , -   , -   , -   ,,
 Bahamas , -   , -   , -   , -   , -   , -   , 1 , -   , 1 , 1 , -   , 1 , -   , -   , -   , -   , -   , -   , -   , -   , -   , -   , -   , -   , 1 , -   , 1 , -   , -   , -   , -   , -   , -   , 1 , -   , 1 , -   , -   , -   , -   , -   , -   , 1 , -   , 1 , 1 , -   , 1 , 3 , -   , 3 ,,
 Barbados , -   , -   , -   , -   , -   , -   , -   , -   , -   , -   , -   , -   , 1 , -   , 1 , -   , -   , -   , 1 , -   , 1 , 2 , -   , 2 , -   , -   , -   , -   , -   , -   , 1 , -   , 1 , 1 , -   , 1 , -   , -   , -   , -   , -   , -   , -   , -   , -   , -   , -   , -   , 3 , -   , 3 ,,
" Bonaire, Saint Eustatius and Saba ", -   , -   , -   , -   , -   , -   , -   , -   , -   , -   , -   , -   , -   , -   , -   , -   , -   , -   , -   , -   , -   , -   , -   , -   , -   , -   , -   , -   , -   , -   , -   , -   , -   , -   , -   , -   , -   , -   , -   , -   , -   , -   , -   , -   , -   , -   , -   , -   , -   , -   , -   ,,
 British Virgin Islands , -   , -   , -   , -   , -   , -   , -   , -   , -   , -   , -   , -   , -   , -   , -   , -   , -   , -   , -   , -   , -   , -   , -   , -   , -   , -   , -   , -   , -   , -   , -   , -   , -   , -   , -   , -   , -   , -   , -   , -   , -   , -   , -   , -   , -   , -   , -   , -   , -   , -   , -   ,,
 Cayman Islands , -   , -   , -   , -   , -   , -   , -   , -   , -   , -   , -   , -   , -   , -   , -   , -   , -   , -   , -   , -   , -   , -   , -   , -   , -   , -   , -   , -   , -   , -   , -   , -   , -   , -   , -   , -   , -   , -   , -   , -   , -   , -   , -   , -   , -   , -   , -   , -   , -   , -   , -   ,,
 Cuba , 5 , -   , 5 , 2 , -   , 2 , -   , -   , -   , 7 , -   , 7 , -   , -   , -   , 5 , -   , 5 , -   , -   , -   , 5 , -   , 5 , 2 , -   , 2 , 3 , -   , 3 , 2 , -   , 2 , 7 , -   , 7 , -   , -   , -   , 5 , -   , 5 , 2 , -   , 2 , 7 , -   , 7 , 26 , -   , 26 ,,
 Curacao , -   , -   , -   , -   , -   , -   , -   , -   , -   , -   , -   , -   , -   , -   , -   , -   , -   , -   , -   , -   , -   , -   , -   , -   , -   , -   , -   , -   , -   , -   , -   , -   , -   , -   , -   , -   , -   , -   , -   , -   , -   , -   , -   , -   , -   , -   , -   , -   , -   , -   , -   ,,
 Dominica , -   , -   , -   , 2 , -   , 2 , -   , -   , -   , 2 , -   , 2 , 1 , -   , 1 , -   , -   , -   , -   , -   , -   , 1 , -   , 1 , -   , -   , -   , -   , -   , -   , -   , -   , -   , -   , -   , -   , -   , -   , -   , -   , -   , -   , -   , -   , -   , -   , -   , -   , 3 , -   , 3 ,,
 Dominican Republic , -   , -   , -   , -   , -   , -   , -   , -   , -   , -   , -   , -   , -   , -   , -   , -   , -   , -   , 2 , -   , 2 , 2 , -   , 2 , -   , -   , -   , -   , -   , -   , -   , -   , -   , -   , -   , -   , -   , -   , -   , -   , -   , -   , 4 , -   , 4 , 4 , -   , 4 , 6 , -   , 6 ,,
 Grenada , -   , -   , -   , -   , -   , -   , -   , -   , -   , -   , -   , -   , -   , -   , -   , 1 , -   , 1 , -   , -   , -   , 1 , -   , 1 , 1 , -   , 1 , -   , -   , -   , -   , -   , -   , 1 , -   , 1 , -   , -   , -   , -   , -   , -   , -   , -   , -   , -   , -   , -   , 2 , -   , 2 ,,
 Guadeloupe , -   , -   , -   , -   , -   , -   , -   , -   , -   , -   , -   , -   , -   , -   , -   , -   , -   , -   , -   , -   , -   , -   , -   , -   , 2 , -   , 2 , -   , -   , -   , -   , -   , -   , 2 , -   , 2 , -   , -   , -   , -   , -   , -   , -   , -   , -   , -   , -   , -   , 2 , -   , 2 ,,
 Haiti , -   , -   , -   , 1 , -   , 1 , -   , -   , -   , 1 , -   , 1 , -   , -   , -   , -   , -   , -   , -   , -   , -   , -   , -   , -   , -   , -   , -   , -   , -   , -   , -   , -   , -   , -   , -   , -   , -   , -   , -   , -   , -   , -   , 1 , -   , 1 , 1 , -   , 1 , 2 , -   , 2 ,,
 Jamaica , -   , -   , -   , -   , 1 , 1 , -   , -   , -   , -   , 1 , 1 , -   , -   , -   , 2 , -   , 2 , 1 , -   , 1 , 3 , -   , 3 , -   , -   , -   , -   , -   , -   , -   , -   , -   , -   , -   , -   , -   , -   , -   , 4 , -   , 4 , -   , -   , -   , 4 , -   , 4 , 7 , 1 , 8 ,,
 Martinique , 2 , -   , 2 , -   , -   , -   , 2 , -   , 2 , 4 , -   , 4 , 1 , -   , 1 , 2 , -   , 2 , -   , -   , -   , 3 , -   , 3 , -   , -   , -   , -   , -   , -   , 4 , -   , 4 , 4 , -   , 4 , -   , -   , -   , -   , -   , -   , -   , -   , -   , -   , -   , -   , 11 , -   , 11 ,,
 Montserrat , -   , -   , -   , -   , -   , -   , -   , -   , -   , -   , -   , -   , -   , -   , -   , -   , -   , -   , -   , -   , -   , -   , -   , -   , -   , -   , -   , -   , -   , -   , -   , -   , -   , -   , -   , -   , -   , -   , -   , -   , -   , -   , -   , -   , -   , -   , -   , -   , -   , -   , -   ,,
 Puerto Rico , -   , -   , -   , -   , -   , -   , -   , -   , -   , -   , -   , -   , 4 , -   , 4 , -   , -   , -   , 1 , -   , 1 , 5 , -   , 5 , -   , -   , -   , -   , -   , -   , 19 , -   , 19 , 19 , -   , 19 , -   , -   , -   , 2 , -   , 2 , -   , -   , -   , 2 , -   , 2 , 26 , -   , 26 ,,
 Saint-Barthelemy , -   , -   , -   , -   , -   , -   , -   , -   , -   , -   , -   , -   , -   , -   , -   , -   , -   , -   , -   , -   , -   , -   , -   , -   , -   , -   , -   , -   , -   , -   , -   , -   , -   , -   , -   , -   , -   , -   , -   , -   , -   , -   , -   , -   , -   , -   , -   , -   , -   , -   , -   ,,
 Saint Kitts and Nevis , -   , -   , -   , 2 , -   , 2 , -   , -   , -   , 2 , -   , 2 , -   , -   , -   , 1 , -   , 1 , 5 , -   , 5 , 6 , -   , 6 , -   , -   , -   , -   , -   , -   , 4 , -   , 4 , 4 , -   , 4 , 2 , -   , 2 , 1 , -   , 1 , 2 , -   , 2 , 5 , -   , 5 , 17 , -   , 17 ,,
 Saint Lucia , -   , -   , -   , -   , -   , -   , -   , -   , -   , -   , -   , -   , -   , -   , -   , -   , -   , -   , -   , -   , -   , -   , -   , -   , -   , -   , -   , -   , -   , -   , -   , -   , -   , -   , -   , -   , -   , -   , -   , -   , -   , -   , -   , -   , -   , -   , -   , -   , -   , -   , -   ,,
 Saint Martin (French part) , -   , -   , -   , -   , -   , -   , -   , -   , -   , -   , -   , -   , -   , -   , -   , -   , -   , -   , -   , -   , -   , -   , -   , -   , -   , -   , -   , -   , -   , -   , -   , -   , -   , -   , -   , -   , -   , -   , -   , -   , -   , -   , -   , -   , -   , -   , -   , -   , -   , -   , -   ,,
 Saint Vincent and the Grenadines , -   , -   , -   , -   , -   , -   , -   , -   , -   , -   , -   , -   , -   , -   , -   , -   , -   , -   , -   , -   , -   , -   , -   , -   , -   , -   , -   , 2 , -   , 2 , -   , -   , -   , 2 , -   , 2 , -   , -   , -   , -   , -   , -   , -   , -   , -   , -   , -   , -   , 2 , -   , 2 ,,
 Sint Maarten (Dutch part) , -   , -   , -   , -   , -   , -   , -   , -   , -   , -   , -   , -   , -   , -   , -   , -   , -   , -   , -   , -   , -   , -   , -   , -   , -   , -   , -   , -   , -   , -   , -   , -   , -   , -   , -   , -   , -   , -   , -   , -   , -   , -   , -   , -   , -   , -   , -   , -   , -   , -   , -   ,,
 Trinidad and Tobago , -   , -   , -   , 1 , -   , 1 , -   , -   , -   , 1 , -   , 1 , 1 , -   , 1 , 3 , -   , 3 , -   , -   , -   , 4 , -   , 4 , 1 , -   , 1 , 1 , -   , 1 , 1 , -   , 1 , 3 , -   , 3 , 1 , -   , 1 , -   , -   , -   , 9 , -   , 9 , 10 , -   , 10 , 18 , -   , 18 ,,
 Turks and Caicos Islands , -   , -   , -   , -   , -   , -   , -   , -   , -   , -   , -   , -   , -   , -   , -   , -   , -   , -   , -   , -   , -   , -   , -   , -   , -   , -   , -   , -   , -   , -   , -   , -   , -   , -   , -   , -   , -   , -   , -   , -   , -   , -   , -   , -   , -   , -   , -   , -   , -   , -   , -   ,,
 United States Virgin Islands , -   , -   , -   , -   , -   , -   , -   , -   , -   , -   , -   , -   , -   , -   , -   , -   , -   , -   , -   , -   , -   , -   , -   , -   , -   , -   , -   , -   , -   , -   , -   , -   , -   , -   , -   , -   , -   , -   , -   , -   , -   , -   , -   , -   , -   , -   , -   , -   , -   , -   , -   ,,
 Belize , -   , -   , -   , -   , -   , -   , -   , -   , -   , -   , -   , -   , -   , -   , -   , -   , -   , -   , -   , -   , -   , -   , -   , -   , -   , -   , -   , -   , -   , -   , -   , -   , -   , -   , -   , -   , -   , -   , -   , -   , -   , -   , -   , -   , -   , -   , -   , -   , -   , -   , -   ,,
 Costa Rica , -   , -   , -   , -   , 1 , 1 , 1 , -   , 1 , 1 , 1 , 2 , 2 , -   , 2 , 5 , -   , 5 , -   , -   , -   , 7 , -   , 7 , -   , -   , -   , -   , -   , -   , -   , -   , -   , -   , -   , -   , -   , -   , -   , -   , -   , -   , 7 , -   , 7 , 7 , -   , 7 , 15 , 1 , 16 ,,
 El Savador , -   , -   , -   , 1 , -   , 1 , 1 , -   , 1 , 2 , -   , 2 , -   , -   , -   , -   , -   , -   , -   , -   , -   , -   , -   , -   , -   , -   , -   , -   , -   , -   , -   , -   , -   , -   , -   , -   , -   , -   , -   , -   , -   , -   , -   , -   , -   , -   , -   , -   , 2 , -   , 2 ,,
 Guatemala , -   , -   , -   , 1 , -   , 1 , -   , -   , -   , 1 , -   , 1 , -   , -   , -   , -   , -   , -   , 2 , -   , 2 , 2 , -   , 2 , 2 , -   , 2 , -   , -   , -   , -   , -   , -   , 2 , -   , 2 , 1 , -   , 1 , -   , -   , -   , -   , -   , -   , 1 , -   , 1 , 6 , -   , 6 ,,
 Honduras , 1 , -   , 1 , -   , -   , -   , -   , -   , -   , 1 , -   , 1 , -   , -   , -   , -   , -   , -   , -   , -   , -   , -   , -   , -   , -   , -   , -   , -   , -   , -   , -   , -   , -   , -   , -   , -   , 1 , -   , 1 , 4 , -   , 4 , -   , -   , -   , 5 , -   , 5 , 6 , -   , 6 ,,
 Mexico , 8 , 1 , 9 , 29 , 1 , 30 , 16 , -   , 16 , 53 , 2 , 55 , 23 , 1 , 24 , 19 , -   , 19 , 6 , -   , 6 , 48 , 1 , 49 , 19 , -   , 19 , 12 , -   , 12 , 29 , -   , 29 , 60 , -   , 60 , 21 , -   , 21 , 19 , -   , 19 , 16 , -   , 16 , 56 , -   , 56 , 217 , 3 , 220 ,,
 Nicaragua , -   , -   , -   , -   , -   , -   , -   , -   , -   , -   , -   , -   , -   , -   , -   , -   , -   , -   , -   , -   , -   , -   , -   , -   , -   , -   , -   , -   , -   , -   , -   , -   , -   , -   , -   , -   , -   , -   , -   , -   , -   , -   , -   , -   , -   , -   , -   , -   , -   , -   , -   ,,
 Panama , 1 , -   , 1 , -   , -   , -   , -   , -   , -   , 1 , -   , 1 , 1 , -   , 1 , 5 , -   , 5 , -   , -   , -   , 6 , -   , 6 , 1 , -   , 1 , -   , -   , -   , -   , -   , -   , 1 , -   , 1 , 1 , -   , 1 , 3 , -   , 3 , -   , -   , -   , 4 , -   , 4 , 12 , -   , 12 ,,
 Argentina , 9 , -   , 9 , 3 , -   , 3 , 10 , -   , 10 , 22 , -   , 22 , 29 , -   , 29 , 2 , -   , 2 , 6 , -   , 6 , 37 , -   , 37 , 5 , -   , 5 , 12 , 1 , 13 , 29 , -   , 29 , 46 , 1 , 47 , 12 , -   , 12 , 13 , -   , 13 , 14 , -   , 14 , 39 , -   , 39 , 144 , 1 , 145 ,,
 Bolivia (Plurinational State of) , -   , -   , -   , 1 , -   , 1 , 3 , -   , 3 , 4 , -   , 4 , -   , -   , -   , 2 , -   , 2 , -   , -   , -   , 2 , -   , 2 , -   , -   , -   , -   , -   , -   , -   , -   , -   , -   , -   , -   , -   , -   , -   , -   , -   , -   , -   , -   , -   , -   , -   , -   , 6 , -   , 6 ,,
 Brazil , 53 , 1 , 54 , 67 , -   , 67 , 82 , -   , 82 , 202 , 1 , 203 , 78 , -   , 78 , 103 , 1 , 104 , 95 , -   , 95 , 276 , 1 , 277 , 103 , -   , 103 , 71 , -   , 71 , 182 , -   , 182 , 356 , -   , 356 , 122 , -   , 122 , 84 , -   , 84 , 75 , 3 , 78 , 281 , 3 , 284 ," 1,115 ", 5 ," 1,120 ",,
 Chile , -   , -   , -   , 5 , -   , 5 , 2 , -   , 2 , 7 , -   , 7 , 7 , -   , 7 , 4 , -   , 4 , 3 , -   , 3 , 14 , -   , 14 , 6 , -   , 6 , 1 , -   , 1 , 2 , -   , 2 , 9 , -   , 9 , 11 , 1 , 12 , 5 , -   , 5 , 2 , -   , 2 , 18 , 1 , 19 , 48 , 1 , 49 ,,
 Colombia , 6 , -   , 6 , 6 , -   , 6 , 6 , -   , 6 , 18 , -   , 18 , 2 , -   , 2 , 2 , -   , 2 , 9 , -   , 9 , 13 , -   , 13 , 2 , 1 , 3 , 2 , -   , 2 , 14 , -   , 14 , 18 , 1 , 19 , 7 , 1 , 8 , 1 , -   , 1 , 3 , -   , 3 , 11 , 1 , 12 , 60 , 2 , 62 ,,
 Ecuador , -   , -   , -   , -   , -   , -   , -   , -   , -   , -   , -   , -   , -   , -   , -   , 1 , -   , 1 , 3 , -   , 3 , 4 , -   , 4 , 9 , -   , 9 , -   , -   , -   , 6 , -   , 6 , 15 , -   , 15 , 3 , -   , 3 , -   , -   , -   , 2 , -   , 2 , 5 , -   , 5 , 24 , -   , 24 ,,
 Falkland Islands (Malvinas) , -   , -   , -   , -   , -   , -   , -   , -   , -   , -   , -   , -   , -   , -   , -   , -   , -   , -   , -   , -   , -   , -   , -   , -   , -   , -   , -   , -   , -   , -   , -   , -   , -   , -   , -   , -   , -   , -   , -   , -   , -   , -   , -   , -   , -   , -   , -   , -   , -   , -   , -   ,,
 French Guiana , -   , -   , -   , -   , -   , -   , -   , -   , -   , -   , -   , -   , -   , -   , -   , -   , -   , -   , -   , -   , -   , -   , -   , -   , 6 , -   , 6 , -   , -   , -   , -   , -   , -   , 6 , -   , 6 , -   , -   , -   , -   , -   , -   , 1 , -   , 1 , 1 , -   , 1 , 7 , -   , 7 ,,
 Guyana , -   , -   , -   , -   , -   , -   , -   , -   , -   , -   , -   , -   , -   , -   , -   , -   , -   , -   , -   , -   , -   , -   , -   , -   , -   , -   , -   , -   , -   , -   , -   , -   , -   , -   , -   , -   , -   , -   , -   , -   , -   , -   , -   , -   , -   , -   , -   , -   , -   , -   , -   ,,
 Paraguay , -   , -   , -   , -   , -   , -   , -   , -   , -   , -   , -   , -   , 2 , -   , 2 , 1 , -   , 1 , -   , -   , -   , 3 , -   , 3 , -   , -   , -   , 1 , -   , 1 , -   , -   , -   , 1 , -   , 1 , 6 , -   , 6 , 2 , -   , 2 , 1 , -   , 1 , 9 , -   , 9 , 13 , -   , 13 ,,
 Peru , 1 , -   , 1 , 2 , 1 , 3 , -   , 1 , 1 , 3 , 2 , 5 , 1 , -   , 1 , 5 , -   , 5 , 3 , -   , 3 , 9 , -   , 9 , 1 , -   , 1 , 2 , -   , 2 , 10 , -   , 10 , 13 , -   , 13 , 3 , 1 , 4 , 2 , -   , 2 , 2 , -   , 2 , 7 , 1 , 8 , 32 , 3 , 35 ,,
 Suriname , -   , -   , -   , -   , -   , -   , -   , -   , -   , -   , -   , -   , -   , -   , -   , -   , -   , -   , -   , -   , -   , -   , -   , -   , -   , -   , -   , -   , -   , -   , -   , -   , -   , -   , -   , -   , -   , -   , -   , -   , -   , -   , -   , -   , -   , -   , -   , -   , -   , -   , -   ,,
 Uruguay , -   , -   , -   , -   , -   , -   , 3 , -   , 3 , 3 , -   , 3 , 2 , -   , 2 , 4 , -   , 4 , 2 , -   , 2 , 8 , -   , 8 , 2 , -   , 2 , -   , -   , -   , 2 , -   , 2 , 4 , -   , 4 , 6 , -   , 6 , -   , -   , -   , 3 , -   , 3 , 9 , -   , 9 , 24 , -   , 24 ,,
 Venezuela (Bolivarian Republic of) , -   , -   , -   , 1 , -   , 1 , -   , 1 , 1 , 1 , 1 , 2 , -   , -   , -   , -   , -   , -   , 1 , -   , 1 , 1 , -   , 1 , -   , -   , -   , -   , -   , -   , 10 , -   , 10 , 10 , -   , 10 , 1 , -   , 1 , -   , -   , -   , 3 , -   , 3 , 4 , -   , 4 , 16 , 1 , 17 ,,
 Bermuda , -   , -   , -   , -   , -   , -   , -   , -   , -   , -   , -   , -   , 2 , -   , 2 , -   , -   , -   , -   , -   , -   , 2 , -   , 2 , -   , -   , -   , -   , -   , -   , -   , -   , -   , -   , -   , -   , -   , -   , -   , 2 , -   , 2 , 1 , -   , 1 , 3 , -   , 3 , 5 , -   , 5 ,,
 Canada , 35 , 1 , 36 , 74 , 4 , 78 , 106 , 1 , 107 , 215 , 6 , 221 , 62 , 14 , 76 , 51 , 4 , 55 , 109 , 2 , 111 , 222 , 20 , 242 , 95 , -   , 95 , 80 , -   , 80 , 136 , 1 , 137 , 311 , 1 , 312 , 137 , 1 , 138 , 106 , 1 , 107 , 132 , -   , 132 , 375 , 2 , 377 ," 1,123 ", 29 ," 1,152 ",,
 Greenland , -   , -   , -   , -   , -   , -   , -   , -   , -   , -   , -   , -   , -   , -   , -   , -   , -   , -   , -   , -   , -   , -   , -   , -   , -   , -   , -   , -   , -   , -   , -   , -   , -   , -   , -   , -   , -   , -   , -   , -   , -   , -   , -   , -   , -   , -   , -   , -   , -   , -   , -   ,,
 Saint Pierre and Miquelon , -   , -   , -   , -   , -   , -   , -   , -   , -   , -   , -   , -   , -   , -   , -   , -   , -   , -   , -   , -   , -   , -   , -   , -   , -   , -   , -   , -   , -   , -   , -   , -   , -   , -   , -   , -   , -   , -   , -   , -   , -   , -   , -   , -   , -   , -   , -   , -   , -   , -   , -   ,,
 United State of America , 429 , 1 , 430 , 642 , 3 , 645 , 805 , 7 , 812 ," 1,876 ", 11 ," 1,887 ", 681 , 52 , 733 , 716 , 2 , 718 , 900 , 1 , 901 ," 2,297 ", 55 ," 2,352 ", 829 , 5 , 834 , 671 , -   , 671 ," 1,041 ", 5 ," 1,046 "," 2,541 ", 10 ," 2,551 ", 822 , 1 , 823 , 709 , 1 , 710 , 834 , 2 , 836 ," 2,365 ", 4 ," 2,369 "," 9,079 ", 80 ," 9,159 ",,
TOTAL AMERICA, 550 , 4 , 554 , 842 , 11 , 853 ," 1,039 ", 10 ," 1,049 "," 2,431 ", 25 ," 2,456 ", 900 , 67 , 967 , 936 , 7 , 943 ," 1,149 ", 3 ," 1,152 "," 2,985 ", 77 ," 3,062 "," 1,088 ", 6 ," 1,094 ", 858 , 1 , 859 ," 1,492 ", 6 ," 1,498 "," 3,438 ", 13 ," 3,451 "," 1,157 ", 5 ," 1,162 ", 962 , 2 , 964 ," 1,115 ", 5 ," 1,120 "," 3,234 ", 12 ," 3,246 "," 12,088 ", 127 ," 12,215 ",,
,,,,,,,,,,,,,,,,,,,,,,,,,,,,,,,,,,,,,,,,,,,,,,,,,,,,,
GRAND TOTAL," 21,431 ", 135 ," 21,566 "," 27,130 ", 274 ," 27,404 "," 28,551 ", 134 ," 28,685 "," 77,112 ", 543 ," 77,655 "," 32,305 ", 195 ," 32,500 "," 24,970 ", 53 ," 25,023 "," 21,078 ", 31 ," 21,109 "," 78,353 ", 279 ," 78,632 "," 31,090 ", 34 ," 31,124 "," 29,357 ", 9 ," 29,366 "," 24,393 ", 34 ," 24,427 "," 84,840 ", 77 ," 84,917 "," 34,794 ", 364 ," 35,158 "," 26,867 ", 33 ," 26,900 "," 28,580 ", 226 ," 28,806 "," 90,241 ", 623 ," 90,864 "," 330,546 "," 1,522 "," 332,068 ",,
,,,,,,,,,,,,,,,,,,,,,,,,,,,,,,,,,,,,,,,,,,,,,,,,,,,,,
,,,,,,,,,,,,,,,,,,,,,,,,,,,,,,,,,,,,,,,,,,,,,,,,,,,,,
,,,,,,,,,,,,,,,,,,,,,,,,,,,,,,,,,,,,,,,,,,,,,,,,,,,,,
,,,,,,,,,,,,,,,,,,,,,,,,,,,,,,,,,,,,,,,,,,,,,,,,,,,,,
,,,,,,,,,,,,,,,,,,,,,,,,,,,,,,,,,,,,,,,,,,,,,,,,,,,,,
,,,,,,,,,,,,,,,,,,,,,,,,,,,,,,,,,,,,,,,,,,,,,,,,,,,,,
,,,,,,,,,,,,,,,,,,,,,,,,,,,,,,,,,,,,,,,,,,,,,,,,,,,,,
,,,,,,,,,,,,,,,,,,,,,,,,,,,,,,,,,,,,,,,,,,,,,,,,,,,,,
,,,,,,,,,,,,,,,,,,,,,,,,,,,,,,,,,,,,,,,,,,,,,,,,,,,,,
,,,,,,,,,,,,,,,,,,,,,,,,,,,,,,,,,,,,,,,,,,,,,,,,,,,,,
,,,,,,,,,,,,,,,,,,,,,,,,,,,,,,,,,,,,,,,,,,,,,,,,,,,,,
,,,,,,,,,,,,,,,,,,,,,,,,,,,,,,,,,,,,,,,,,,,,,,,,,,,,,
,,,,,,,,,,,,,,,,,,,,,,,,,,,,,,,,,,,,,,,,,,,,,,,,,,,,,
,,,,,,,,,,,,,,,,,,,,,,,,,,,,,,,,,,,,,,,,,,,,,,,,,,,,,
,,,,,,,,,,,,,,,,,,,,,,,,,,,,,,,,,,,,,,,,,,,,,,,,,,,,,
,,,,,,,,,,,,,,,,,,,,,,,,,,,,,,,,,,,,,,,,,,,,,,,,,,,,,
,,,,,,,,,,,,,,,,,,,,,,,,,,,,,,,,,,,,,,,,,,,,,,,,,,,,,
,,,,,,,,,,,,,,,,,,,,,,,,,,,,,,,,,,,,,,,,,,,,,,,,,,,,,
,,,,,,,,,,,,,,,,,,,,,,,,,,,,,,,,,,,,,,,,,,,,,,,,,,,,,
,,,,,,,,,,,,,,,,,,,,,,,,,,,,,,,,,,,,,,,,,,,,,,,,,,,,,
,,,,,,,,,,,,,,,,,,,,,,,,,,,,,,,,,,,,,,,,,,,,,,,,,,,,,
,,,,,,,,,,,,,,,,,,,,,,,,,,,,,,,,,,,,,,,,,,,,,,,,,,,,,
,,,,,,,,,,,,,,,,,,,,,,,,,,,,,,,,,,,,,,,,,,,,,,,,,,,,,
,,,,,,,,,,,,,,,,,,,,,,,,,,,,,,,,,,,,,,,,,,,,,,,,,,,,,
,,,,,,,,,,,,,,,,,,,,,,,,,,,,,,,,,,,,,,,,,,,,,,,,,,,,,
,,,,,,,,,,,,,,,,,,,,,,,,,,,,,,,,,,,,,,,,,,,,,,,,,,,,,
,,,,,,,,,,,,,,,,,,,,,,,,,,,,,,,,,,,,,,,,,,,,,,,,,,,,,
,,,,,,,,,,,,,,,,,,,,,,,,,,,,,,,,,,,,,,,,,,,,,,,,,,,,,
,,,,,,,,,,,,,,,,,,,,,,,,,,,,,,,,,,,,,,,,,,,,,,,,,,,,,
,,,,,,,,,,,,,,,,,,,,,,,,,,,,,,,,,,,,,,,,,,,,,,,,,,,,,
,,,,,,,,,,,,,,,,,,,,,,,,,,,,,,,,,,,,,,,,,,,,,,,,,,,,,
,,,,,,,,,,,,,,,,,,,,,,,,,,,,,,,,,,,,,,,,,,,,,,,,,,,, ,
,,,,,,,,,,,,,,,,,,,,,,,,,,,,,,,,,,,,,,,,,,,,,,,,,,,,,
,,,,,,,,,,,,,,,,,,,,,,,,,,,,,,,,,,,,,,,,,,,,,,,,,,,,,
,,,,,,,,,,,,,,,,,,,,,,,,,,,,,,,,,,,,,,,,,,,,,,,,,,,,,
,,,,,,,,,,,,,,,,,,,,,,,,,,,,,,,,,,,,,,,,,,,,,,,,,,,,,
,,,,,,,,,,,,,,,,,,,,,,,,,,,,,,,,,,,,,,,,,,,,,,,,,,,,,
,,,,,,,,,,,,,,,,,,,,,,,,,,,,,,,,,,,,,,,,,,,,,,,,,,,,,
,,,,,,,,,,,,,,,,,,,,,,,,,,,,,,,,,,,,,,,,,,,,,,,,,,,,,
,,,,,,,,,,,,,,,,,,,,,,,,,,,,,,,,,,,,,,,,,,,,,,,,,,,,,
,,,,,,,,,,,,,,,,,,,,,,,,,,,,,,,,,,,,,,,,,,,,,,,,,,,,,
,,,,,,,,,,,,,,,,,,,,,,,,,,,,,,,,,,,,,,,,,,,,,,,,,,,,,
,,,,,,,,,,,,,,,,,,,,,,,,,,,,,,,,,,,,,,,,,,,,,,,,,,,,,
,,,,,,,,,,,,,,,,,,,,,,,,,,,,,,,,,,,,,,,,,,,,,,,,,,,,,
,,,,,,,,,,,,,,,,,,,,,,,,,,,,,,,,,,,,,,,,,,,,,,,,,,,,,
,,,,,,,,,,,,,,,,,,,,,,,,,,,,,,,,,,,,,,,,,,,,,,,,,,,,,
,,,,,,,,,,,,,,,,,,,,,,,,,,,,,,,,,,,,,,,,,,,,,,,,,,,,,
,,,,,,,,,,,,,,,,,,,,,,,,,,,,,,,,,,,,,,,,,,,,,,,,,,,,,
,,,,,,,,,,,,,,,,,,,,,,,,,,,,,,,,,,,,,,,,,,,,,,,,,,,,,
,,,,,,,,,,,,,,,,,,,,,,,,,,,,,,,,,,,,,,,,,,,,,,,,,,,,,
,,,,,,,,,,,,,,,,,,,,,,,,,,,,,,,,,,,,,,,,,,,,,,,,,,,,,
,,,,,,,,,,,,,,,,,,,,,,,,,,,,,,,,,,,,,,,,,,,,,,,,,,,,,
,,,,,,,,,,,,,,,,,,,,,,,,,,,,,,,,,,,,,,,,,,,,,,,,,,,,,
,,,,,,,,,,,,,,,,,,,,,,,,,,,,,,,,,,,,,,,,,,,,,,,,,,,,,
,,,,,,,,,,,,,,,,,,,,,,,,,,,,,,,,,,,,,,,,,,,,,,,,,,,,,
,,,,,,,,,,,,,,,,,,,,,,,,,,,,,,,,,,,,,,,,,,,,,,,,,,,,,
,,,,,,,,,,,,,,,,,,,,,,,,,,,,,,,,,,,,,,,,,,,,,,,,,,,,,
,,,,,,,,,,,,,,,,,,,,,,,,,,,,,,,,,,,,,,,,,,,,,,,,,,,,,
,,,,,,,,,,,,,,,,,,,,,,,,,,,,,,,,,,,,,,,,,,,,,,,,,,,,,
,,,,,,,,,,,,,,,,,,,,,,,,,,,,,,,,,,,,,,,,,,,,,,,,,,,,,
,,,,,,,,,,,,,,,,,,,,,,,,,,,,,,,,,,,,,,,,,,,,,,,,,,,,,
,,,,,,,,,,,,,,,,,,,,,,,,,,,,,,,,,,,,,,,,,,,,,,,,,,,,,
,,,,,,,,,,,,,,,,,,,,,,,,,,,,,,,,,,,,,,,,,,,,,,,,,,,,,
,,,,,,,,,,,,,,,,,,,,,,,,,,,,,,,,,,,,,,,,,,,,,,,,,,,,,
,,,,,,,,,,,,,,,,,,,,,,,,,,,,,,,,,,,,,,,,,,,,,,,,,,,,,
,,,,,,,,,,,,,,,,,,,,,,,,,,,,,,,,,,,,,,,,,,,,,,,,,,,,,
,,,,,,,,,,,,,,,,,,,,,,,,,,,,,,,,,,,,,,,,,,,,,,,,,,,,,
,,,,,,,,,,,,,,,,,,,,,,,,,,,,,,,,,,,,,,,,,,,,,,,,,,,,,
,,,,,,,,,,,,,,,,,,,,,,,,,,,,,,,,,,,,,,,,,,,,,,,,,,,,,
,,,,,,,,,,,,,,,,,,,,,,,,,,,,,,,,,,,,,,,,,,,,,,,,,,,,,
,,,,,,,,,,,,,,,,,,,,,,,,,,,,,,,,,,,,,,,,,,,,,,,,,,,,,
,,,,,,,,,,,,,,,,,,,,,,,,,,,,,,,,,,,,,,,,,,,,,,,,,,,,,
,,,,,,,,,,,,,,,,,,,,,,,,,,,,,,,,,,,,,,,,,,,,,,,,,,,,,
,,,,,,,,,,,,,,,,,,,,,,,,,,,,,,,,,,,,,,,,,,,,,,,,,,,,,
,,,,,,,,,,,,,,,,,,,,,,,,,,,,,,,,,,,,,,,,,,,,,,,,,,,,,
,,,,,,,,,,,,,,,,,,,,,,,,,,,,,,,,,,,,,,,,,,,,,,,,,,,,,
,,,,,,,,,,,,,,,,,,,,,,,,,,,,,,,,,,,,,,,,,,,,,,,,,,,,,
,,,,,,,,,,,,,,,,,,,,,,,,,,,,,,,,,,,,,,,,,,,,,,,,,,,,,
,,,,,,,,,,,,,,,,,,,,,,,,,,,,,,,,,,,,,,,,,,,,,,,,,,,,,
,,,,,,,,,,,,,,,,,,,,,,,,,,,,,,,,,,,,,,,,,,,,,,,,,,,,,
,,,,,,,,,,,,,,,,,,,,,,,,,,,,,,,,,,,,,,,,,,,,,,,,,,,,,
,,,,,,,,,,,,,,,,,,,,,,,,,,,,,,,,,,,,,,,,,,,,,,,,,,,,,
,,,,,,,,,,,,,,,,,,,,,,,,,,,,,,,,,,,,,,,,,,,,,,,,,,,,,
,,,,,,,,,,,,,,,,,,,,,,,,,,,,,,,,,,,,,,,,,,,,,,,,,,,,,
,,,,,,,,,,,,,,,,,,,,,,,,,,,,,,,,,,,,,,,,,,,,,,,,,,,,,
,,,,,,,,,,,,,,,,,,,,,,,,,,,,,,,,,,,,,,,,,,,,,,,,,,,,,
,,,,,,,,,,,,,,,,,,,,,,,,,,,,,,,,,,,,,,,,,,,,,,,,,,,,,
,,,,,,,,,,,,,,,,,,,,,,,,,,,,,,,,,,,,,,,,,,,,,,,,,,,,,
,,,,,,,,,,,,,,,,,,,,,,,,,,,,,,,,,,,,,,,,,,,,,,,,,,,,,
,,,,,,,,,,,,,,,,,,,,,,,,,,,,,,,,,,,,,,,,,,,,,,,,,,,,,
,,,,,,,,,,,,,,,,,,,,,,,,,,,,,,,,,,,,,,,,,,,,,,,,,,,,,
,,,,,,,,,,,,,,,,,,,,,,,,,,,,,,,,,,,,,,,,,,,,,,,,,,,,,
,,,,,,,,,,,,,,,,,,,,,,,,,,,,,,,,,,,,,,,,,,,,,,,,,,,,,
,,,,,,,,,,,,,,,,,,,,,,,,,,,,,,,,,,,,,,,,,,,,,,,,,,,,,
,,,,,,,,,,,,,,,,,,,,,,,,,,,,,,,,,,,,,,,,,,,,,,,,,,,,,
,,,,,,,,,,,,,,,,,,,,,,,,,,,,,,,,,,,,,,,,,,,,,,,,,,,,,
,,,,,,,,,,,,,,,,,,,,,,,,,,,,,,,,,,,,,,,,,,,,,,,,,,,,,
,,,,,,,,,,,,,,,,,,,,,,,,,,,,,,,,,,,,,,,,,,,,,,,,,,,,,
,,,,,,,,,,,,,,,,,,,,,,,,,,,,,,,,,,,,,,,,,,,,,,,,,,,,,
,,,,,,,,,,,,,,,,,,,,,,,,,,,,,,,,,,,,,,,,,,,,,,,,,,,,,
,,,,,,,,,,,,,,,,,,,,,,,,,,,,,,,,,,,,,,,,,,,,,,,,,,,,,
,,,,,,,,,,,,,,,,,,,,,,,,,,,,,,,,,,,,,,,,,,,,,,,,,,,,,
,,,,,,,,,,,,,,,,,,,,,,,,,,,,,,,,,,,,,,,,,,,,,,,,,,,,,
,,,,,,,,,,,,,,,,,,,,,,,,,,,,,,,,,,,,,,,,,,,,,,,,,,,,,
,,,,,,,,,,,,,,,,,,,,,,,,,,,,,,,,,,,,,,,,,,,,,,,,,,,,,
,,,,,,,,,,,,,,,,,,,,,,,,,,,,,,,,,,,,,,,,,,,,,,,,,,,,,
,,,,,,,,,,,,,,,,,,,,,,,,,,,,,,,,,,,,,,,,,,,,,,,,,,,,,
,,,,,,,,,,,,,,,,,,,,,,,,,,,,,,,,,,,,,,,,,,,,,,,,,,,,,
,,,,,,,,,,,,,,,,,,,,,,,,,,,,,,,,,,,,,,,,,,,,,,,,,,,,,
,,,,,,,,,,,,,,,,,,,,,,,,,,,,,,,,,,,,,,,,,,,,,,,,,,,,,
,,,,,,,,,,,,,,,,,,,,,,,,,,,,,,,,,,,,,,,,,,,,,,,,,,,,,
,,,,,,,,,,,,,,,,,,,,,,,,,,,,,,,,,,,,,,,,,,,,,,,,,,,,,
,,,,,,,,,,,,,,,,,,,,,,,,,,,,,,,,,,,,,,,,,,,,,,,,,,,,,
,,,,,,,,,,,,,,,,,,,,,,,,,,,,,,,,,,,,,,,,,,,,,,,,,,,,,
,,,,,,,,,,,,,,,,,,,,,,,,,,,,,,,,,,,,,,,,,,,,,,,,,,,,,
,,,,,,,,,,,,,,,,,,,,,,,,,,,,,,,,,,,,,,,,,,,,,,,,,,,,,
,,,,,,,,,,,,,,,,,,,,,,,,,,,,,,,,,,,,,,,,,,,,,,,,,,,,,
,,,,,,,,,,,,,,,,,,,,,,,,,,,,,,,,,,,,,,,,,,,,,,,,,,,,,
,,,,,,,,,,,,,,,,,,,,,,,,,,,,,,,,,,,,,,,,,,,,,,,,,,,,,
,,,,,,,,,,,,,,,,,,,,,,,,,,,,,,,,,,,,,,,,,,,,,,,,,,,,,
,,,,,,,,,,,,,,,,,,,,,,,,,,,,,,,,,,,,,,,,,,,,,,,,,,,,,
,,,,,,,,,,,,,,,,,,,,,,,,,,,,,,,,,,,,,,,,,,,,,,,,,,,,,
,,,,,,,,,,,,,,,,,,,,,,,,,,,,,,,,,,,,,,,,,,,,,,,,,,,,,
,,,,,,,,,,,,,,,,,,,,,,,,,,,,,,,,,,,,,,,,,,,,,,,,,,,,,
,,,,,,,,,,,,,,,,,,,,,,,,,,,,,,,,,,,,,,,,,,,,,,,,,,,,,
,,,,,,,,,,,,,,,,,,,,,,,,,,,,,,,,,,,,,,,,,,,,,,,,,,,,,
,,,,,,,,,,,,,,,,,,,,,,,,,,,,,,,,,,,,,,,,,,,,,,,,,,,,,
,,,,,,,,,,,,,,,,,,,,,,,,,,,,,,,,,,,,,,,,,,,,,,,,,,,,,
,,,,,,,,,,,,,,,,,,,,,,,,,,,,,,,,,,,,,,,,,,,,,,,,,,,,,
,,,,,,,,,,,,,,,,,,,,,,,,,,,,,,,,,,,,,,,,,,,,,,,,,,,,,
,,,,,,,,,,,,,,,,,,,,,,,,,,,,,,,,,,,,,,,,,,,,,,,,,,,,,
,,,,,,,,,,,,,,,,,,,,,,,,,,,,,,,,,,,,,,,,,,,,,,,,,,,,,
,,,,,,,,,,,,,,,,,,,,,,,,,,,,,,,,,,,,,,,,,,,,,,,,,,,,,
,,,,,,,,,,,,,,,,,,,,,,,,,,,,,,,,,,,,,,,,,,,,,,,,,,,,,
,,,,,,,,,,,,,,,,,,,,,,,,,,,,,,,,,,,,,,,,,,,,,,,,,,,,,
,,,,,,,,,,,,,,,,,,,,,,,,,,,,,,,,,,,,,,,,,,,,,,,,,,,,,
,,,,,,,,,,,,,,,,,,,,,,,,,,,,,,,,,,,,,,,,,,,,,,,,,,,,,
,,,,,,,,,,,,,,,,,,,,,,,,,,,,,,,,,,,,,,,,,,,,,,,,,,,,,
,,,,,,,,,,,,,,,,,,,,,,,,,,,,,,,,,,,,,,,,,,,,,,,,,,,,,
,,,,,,,,,,,,,,,,,,,,,,,,,,,,,,,,,,,,,,,,,,,,,,,,,,,,,
,,,,,,,,,,,,,,,,,,,,,,,,,,,,,,,,,,,,,,,,,,,,,,,,,,,,,
,,,,,,,,,,,,,,,,,,,,,,,,,,,,,,,,,,,,,,,,,,,,,,,,,,,,,
,,,,,,,,,,,,,,,,,,,,,,,,,,,,,,,,,,,,,,,,,,,,,,,,,,,,,
,,,,,,,,,,,,,,,,,,,,,,,,,,,,,,,,,,,,,,,,,,,,,,,,,,,,,
,,,,,,,,,,,,,,,,,,,,,,,,,,,,,,,,,,,,,,,,,,,,,,,,,,,,,
,,,,,,,,,,,,,,,,,,,,,,,,,,,,,,,,,,,,,,,,,,,,,,,,,,,,,
,,,,,,,,,,,,,,,,,,,,,,,,,,,,,,,,,,,,,,,,,,,,,,,,,,,,,
,,,,,,,,,,,,,,,,,,,,,,,,,,,,,,,,,,,,,,,,,,,,,,,,,,,,,
,,,,,,,,,,,,,,,,,,,,,,,,,,,,,,,,,,,,,,,,,,,,,,,,,,,,,
,,,,,,,,,,,,,,,,,,,,,,,,,,,,,,,,,,,,,,,,,,,,,,,,,,,,,
,,,,,,,,,,,,,,,,,,,,,,,,,,,,,,,,,,,,,,,,,,,,,,,,,,,,,
,,,,,,,,,,,,,,,,,,,,,,,,,,,,,,,,,,,,,,,,,,,,,,,,,,,,,
,,,,,,,,,,,,,,,,,,,,,,,,,,,,,,,,,,,,,,,,,,,,,,,,,,,,,
,,,,,,,,,,,,,,,,,,,,,,,,,,,,,,,,,,,,,,,,,,,,,,,,,,,,,
,,,,,,,,,,,,,,,,,,,,,,,,,,,,,,,,,,,,,,,,,,,,,,,,,,,,,
,,,,,,,,,,,,,,,,,,,,,,,,,,,,,,,,,,,,,,,,,,,,,,,,,,,,,
,,,,,,,,,,,,,,,,,,,,,,,,,,,,,,,,,,,,,,,,,,,,,,,,,,,,,
,,,,,,,,,,,,,,,,,,,,,,,,,,,,,,,,,,,,,,,,,,,,,,,,,,,,,
,,,,,,,,,,,,,,,,,,,,,,,,,,,,,,,,,,,,,,,,,,,,,,,,,,,,,
,,,,,,,,,,,,,,,,,,,,,,,,,,,,,,,,,,,,,,,,,,,,,,,,,,,,,
,,,,,,,,,,,,,,,,,,,,,,,,,,,,,,,,,,,,,,,,,,,,,,,,,,,,,
,,,,,,,,,,,,,,,,,,,,,,,,,,,,,,,,,,,,,,,,,,,,,,,,,,,,,
,,,,,,,,,,,,,,,,,,,,,,,,,,,,,,,,,,,,,,,,,,,,,,,,,,,,,
,,,,,,,,,,,,,,,,,,,,,,,,,,,,,,,,,,,,,,,,,,,,,,,,,,,,,
,,,,,,,,,,,,,,,,,,,,,,,,,,,,,,,,,,,,,,,,,,,,,,,,,,,,,
,,,,,,,,,,,,,,,,,,,,,,,,,,,,,,,,,,,,,,,,,,,,,,,,,,,,,
,,,,,,,,,,,,,,,,,,,,,,,,,,,,,,,,,,,,,,,,,,,,,,,,,,,,,
,,,,,,,,,,,,,,,,,,,,,,,,,,,,,,,,,,,,,,,,,,,,,,,,,,,,,
,,,,,,,,,,,,,,,,,,,,,,,,,,,,,,,,,,,,,,,,,,,,,,,,,,,,,
,,,,,,,,,,,,,,,,,,,,,,,,,,,,,,,,,,,,,,,,,,,,,,,,,,,,,
,,,,,,,,,,,,,,,,,,,,,,,,,,,,,,,,,,,,,,,,,,,,,,,,,,,,,
,,,,,,,,,,,,,,,,,,,,,,,,,,,,,,,,,,,,,,,,,,,,,,,,,,,,,
,,,,,,,,,,,,,,,,,,,,,,,,,,,,,,,,,,,,,,,,,,,,,,,,,,,,,
,,,,,,,,,,,,,,,,,,,,,,,,,,,,,,,,,,,,,,,,,,,,,,,,,,,,,
,,,,,,,,,,,,,,,,,,,,,,,,,,,,,,,,,,,,,,,,,,,,,,,,,,,,,
,,,,,,,,,,,,,,,,,,,,,,,,,,,,,,,,,,,,,,,,,,,,,,,,,,,,,
,,,,,,,,,,,,,,,,,,,,,,,,,,,,,,,,,,,,,,,,,,,,,,,,,,,,,
,,,,,,,,,,,,,,,,,,,,,,,,,,,,,,,,,,,,,,,,,,,,,,,,,,,,,
,,,,,,,,,,,,,,,,,,,,,,,,,,,,,,,,,,,,,,,,,,,,,,,,,,,,,
,,,,,,,,,,,,,,,,,,,,,,,,,,,,,,,,,,,,,,,,,,,,,,,,,,,,,
,,,,,,,,,,,,,,,,,,,,,,,,,,,,,,,,,,,,,,,,,,,,,,,,,,,,,
,,,,,,,,,,,,,,,,,,,,,,,,,,,,,,,,,,,,,,,,,,,,,,,,,,,,,
,,,,,,,,,,,,,,,,,,,,,,,,,,,,,,,,,,,,,,,,,,,,,,,,,,,,,
,,,,,,,,,,,,,,,,,,,,,,,,,,,,,,,,,,,,,,,,,,,,,,,,,,,,,
,,,,,,,,,,,,,,,,,,,,,,,,,,,,,,,,,,,,,,,,,,,,,,,,,,,,,
,,,,,,,,,,,,,,,,,,,,,,,,,,,,,,,,,,,,,,,,,,,,,,,,,,,,,
,,,,,,,,,,,,,,,,,,,,,,,,,,,,,,,,,,,,,,,,,,,,,,,,,,,,,
,,,,,,,,,,,,,,,,,,,,,,,,,,,,,,,,,,,,,,,,,,,,,,,,,,,,,
,,,,,,,,,,,,,,,,,,,,,,,,,,,,,,,,,,,,,,,,,,,,,,,,,,,,,
,,,,,,,,,,,,,,,,,,,,,,,,,,,,,,,,,,,,,,,,,,,,,,,,,,,,,
,,,,,,,,,,,,,,,,,,,,,,,,,,,,,,,,,,,,,,,,,,,,,,,,,,,,,
,,,,,,,,,,,,,,,,,,,,,,,,,,,,,,,,,,,,,,,,,,,,,,,,,,,,,
,,,,,,,,,,,,,,,,,,,,,,,,,,,,,,,,,,,,,,,,,,,,,,,,,,,,,
,,,,,,,,,,,,,,,,,,,,,,,,,,,,,,,,,,,,,,,,,,,,,,,,,,,,,
,,,,,,,,,,,,,,,,,,,,,,,,,,,,,,,,,,,,,,,,,,,,,,,,,,,,,
,,,,,,,,,,,,,,,,,,,,,,,,,,,,,,,,,,,,,,,,,,,,,,,,,,,,,
,,,,,,,,,,,,,,,,,,,,,,,,,,,,,,,,,,,,,,,,,,,,,,,,,,,,,
,,,,,,,,,,,,,,,,,,,,,,,,,,,,,,,,,,,,,,,,,,,,,,,,,,,,,
,,,,,,,,,,,,,,,,,,,,,,,,,,,,,,,,,,,,,,,,,,,,,,,,,,,,,
,,,,,,,,,,,,,,,,,,,,,,,,,,,,,,,,,,,,,,,,,,,,,,,,,,,,,
,,,,,,,,,,,,,,,,,,,,,,,,,,,,,,,,,,,,,,,,,,,,,,,,,,,,,
,,,,,,,,,,,,,,,,,,,,,,,,,,,,,,,,,,,,,,,,,,,,,,,,,,,,,
,,,,,,,,,,,,,,,,,,,,,,,,,,,,,,,,,,,,,,,,,,,,,,,,,,,,,
,,,,,,,,,,,,,,,,,,,,,,,,,,,,,,,,,,,,,,,,,,,,,,,,,,,,,
,,,,,,,,,,,,,,,,,,,,,,,,,,,,,,,,,,,,,,,,,,,,,,,,,,,,,
,,,,,,,,,,,,,,,,,,,,,,,,,,,,,,,,,,,,,,,,,,,,,,,,,,,,,
,,,,,,,,,,,,,,,,,,,,,,,,,,,,,,,,,,,,,,,,,,,,,,,,,,,,,
,,,,,,,,,,,,,,,,,,,,,,,,,,,,,,,,,,,,,,,,,,,,,,,,,,,,,
,,,,,,,,,,,,,,,,,,,,,,,,,,,,,,,,,,,,,,,,,,,,,,,,,,,,,
,,,,,,,,,,,,,,,,,,,,,,,,,,,,,,,,,,,,,,,,,,,,,,,,,,,,,
,,,,,,,,,,,,,,,,,,,,,,,,,,,,,,,,,,,,,,,,,,,,,,,,,,,,,
,,,,,,,,,,,,,,,,,,,,,,,,,,,,,,,,,,,,,,,,,,,,,,,,,,,,,
,,,,,,,,,,,,,,,,,,,,,,,,,,,,,,,,,,,,,,,,,,,,,,,,,,,,,
,,,,,,,,,,,,,,,,,,,,,,,,,,,,,,,,,,,,,,,,,,,,,,,,,,,,,
,,,,,,,,,,,,,,,,,,,,,,,,,,,,,,,,,,,,,,,,,,,,,,,,,,,,,
,,,,,,,,,,,,,,,,,,,,,,,,,,,,,,,,,,,,,,,,,,,,,,,,,,,,,
,,,,,,,,,,,,,,,,,,,,,,,,,,,,,,,,,,,,,,,,,,,,,,,,,,,,,
,,,,,,,,,,,,,,,,,,,,,,,,,,,,,,,,,,,,,,,,,,,,,,,,,,,,,
,,,,,,,,,,,,,,,,,,,,,,,,,,,,,,,,,,,,,,,,,,,,,,,,,,,,,
,,,,,,,,,,,,,,,,,,,,,,,,,,,,,,,,,,,,,,,,,,,,,,,,,,,,,
,,,,,,,,,,,,,,,,,,,,,,,,,,,,,,,,,,,,,,,,,,,,,,,,,,,,,
,,,,,,,,,,,,,,,,,,,,,,,,,,,,,,,,,,,,,,,,,,,,,,,,,,,,,
,,,,,,,,,,,,,,,,,,,,,,,,,,,,,,,,,,,,,,,,,,,,,,,,,,,,,
,,,,,,,,,,,,,,,,,,,,,,,,,,,,,,,,,,,,,,,,,,,,,,,,,,,,,
,,,,,,,,,,,,,,,,,,,,,,,,,,,,,,,,,,,,,,,,,,,,,,,,,,,,,
,,,,,,,,,,,,,,,,,,,,,,,,,,,,,,,,,,,,,,,,,,,,,,,,,,,,,
,,,,,,,,,,,,,,,,,,,,,,,,,,,,,,,,,,,,,,,,,,,,,,,,,,,,,
,,,,,,,,,,,,,,,,,,,,,,,,,,,,,,,,,,,,,,,,,,,,,,,,,,,,,
,,,,,,,,,,,,,,,,,,,,,,,,,,,,,,,,,,,,,,,,,,,,,,,,,,,,,
,,,,,,,,,,,,,,,,,,,,,,,,,,,,,,,,,,,,,,,,,,,,,,,,,,,,,
,,,,,,,,,,,,,,,,,,,,,,,,,,,,,,,,,,,,,,,,,,,,,,,,,,,,,
,,,,,,,,,,,,,,,,,,,,,,,,,,,,,,,,,,,,,,,,,,,,,,,,,,,,,
,,,,,,,,,,,,,,,,,,,,,,,,,,,,,,,,,,,,,,,,,,,,,,,,,,,,,
,,,,,,,,,,,,,,,,,,,,,,,,,,,,,,,,,,,,,,,,,,,,,,,,,,,,,
,,,,,,,,,,,,,,,,,,,,,,,,,,,,,,,,,,,,,,,,,,,,,,,,,,,,,
,,,,,,,,,,,,,,,,,,,,,,,,,,,,,,,,,,,,,,,,,,,,,,,,,,,,,
